Workbook

Sheet README
A1: AI Agents & Student Learning - Merged Meta-Analysis Dataset
A3: What this workbook contains
A4: 1. ES_Data - one row per effect size (treatment vs control) for every study: cognitive outcomes (knowledge-based, skill-based, higher-order thinking, cognitive load) and non-cognitive outcomes (learning dispositions, emotional functioning, self-management, social competence, curiosity, attitudes toward AI). Hedges' g, variance, SE, 95% CI, z, p and weights are live Excel formulas.
A5: 2. Study_Characteristics - one row per study (moderator coding: country, education level, discipline, AI agent type, teacher involvement, design, comparison, duration).
A6: 3. Correlational_Studies - survey/SEM studies that report correlations (r) or standardized paths (beta) between AI use and learning outcomes, converted to Fisher's z (kept separate from experimental SMDs).
A7: 4. Summary - random-effects (DerSimonian-Laird) pooled estimates by outcome domain, subgroup, AI agent type and education level, computed with formulas from ES_Data rows flagged 'Y' in 'Include in primary analysis'.
A8: 5. Screening_Log - every file you uploaded (49 papers/pages + 5 workbooks) with the eligibility decision and reason.
A9: 6. Data_Issues - discrepancies found while merging your workbooks and checking the papers (please verify these).
A10: 7. Coding_Scheme - definitions of every category and of the effect-size formulas.
A12: How to use / edit
A13: Blue text = hard-coded inputs taken from papers or your workbooks (edit these). Black text = formulas (do not overwrite). Green = values pulled from another sheet.
A14: To add a study: copy the last row of ES_Data, enter the descriptive statistics (tn, tmean, tsd, cn, cmean, csd) and set 'ES input type' to MSD. If a paper reports only t, F, z or a paired t, enter that statistic in 'Test statistic' and choose the matching input type.
... A21: - Rows from your original workbooks were kept as entered except for documented corrections (see Data_Issues). Values for studies whose full text you uploaded were re-extracted from the paper.

Sheet ES_Data
A1: ES_ID | B1: Study_ID | C1: Author (Year) | D1: Year | E1: Country | F1: Education level | G1: Academic discipline | H1: AI agent type (harmonized) | I1: AI agent / tool (as reported) | J1: Teacher involvement | K1: Research design | L1: Comparison condition | M1: Intervention duration W(S) | N1: Minutes (M) | O1: Duration category | P1: Outcome domain | Q1: Outcome category (subgroup) | R1: Curiosity dimension | S1: Outcome name | T1: Outcome measure | U1: Test phase | V1: tn | W1: tmean | X1: tsd | Y1: cn | Z1: cmean | AA1: csd | AB1: ES input type | AC1: Test statistic | AD1: Direction | AE1: Cohen's d | AF1: J (small-sample correction) | AG1: Hedges' g (_meta_es) | AH1: Variance | AI1: SE (_meta_se) | AJ1: 95% CI lower (_meta_cil) | AK1: 95% CI upper (_meta_ciu) | AL1: z-value | AM1: p-value | AN1: Total N (_meta_studysize) | AO1: Weight 1/v (_meta_weight) | AP1: Include in primary analysis (Y/N) | AQ1: Data source | AR1: Notes (table / page / issues) | AS1: w_inc | AT1: wg_inc | AU1: wg2_inc | AV1: w2_inc | AW1: g_inc | AX1: v_inc
A2: ES001 | B2: S001 | C2: Abdelghani et al. (2022) | D2: 2022 | E2: France | F2: Primary education | G2: Science / general knowledge (reading-based) | H2: Conversational AI / chatbot | I2: Conversational AI (pedagogical agent) - 'Kids Ask' incentive conversational agent (semantic cues) | J2: No | K2: Pseudo-randomized controlled experiment, 2 groups | L2: Neutral conversational agent (no cues) | M2: 4 sessions in 1 week | N2: 75 per session | O2: Less than 1 week | P2: Cognitive | Q2: Higher-order thinking skills | S2: Percentage of divergent questions generated | T2: Divergent QA % during training (mixed ANOVA) | U2: Post-test | V2: 25 | Y2: 26 | AB2: F | AC2: 17.87 | AD2: 1 | AE2: =IFERROR(IF(AB2="MSD",IF(COUNT(V2,W2,X2,Y2,Z2,AA2)<6,"",(W2-Z2)/SQRT(((V2-1)*X2^2+(Y2-1)*AA2^2)/(V2+Y2-2))*AD2),IF(AB2="t",AC2*SQRT(1/V2+1/Y2)*AD2,IF(AB2="F",SQRT(AC2)*SQRT(1/V2+1/Y2)*AD2,IF(AB2="z",2*(AC2/SQRT(V2+Y2))/SQRT(1-(AC2/SQRT(V2+Y2))^2)*AD2,IF(AB2="t_paired",AC2/SQRT(V2)*AD2,""))))),"") -> 1.1841063 | AF2: =IF(AE2="","",IF(AB2="t_paired",1-3/(4*(V2-1)-1),1-3/(4*(V2+Y2)-9))) -> 0.98461538 | AG2: =IF(AE2="","",AE2*AF2) -> 1.1658893 | AH2: =IF(AG2="","",IF(AB2="t_paired",1/V2+AG2^2/(2*V2),(V2+Y2)/(V2*Y2)+AG2^2/(2*(V2+Y2)))) -> 0.091787987 | AI2: =IF(AH2="","",SQRT(AH2)) -> 0.30296532 | AJ2: =IF(AI2="","",AG2-1.96*AI2) -> 0.57207723 | AK2: =IF(AI2="","",AG2+1.96*AI2) -> 1.7597013 | AL2: =IF(AI2="","",AG2/AI2) -> 3.8482598 | AM2: =IF(AL2="","",2*(1-NORMSDIST(ABS(AL2)))) -> 0.00011895988 | AN2: =IF(COUNT(V2)=0,"",IF(AB2="t_paired",V2,V2+N(Y2))) -> 51 | AO2: =IF(AH2="","",1/AH2) -> 10.894672 | AP2: Y | AQ2: Extracted from uploaded paper (replaces rows in your workbook(s): WB2) | AR2: Condition main effect F(1,49)=17.87; d=2*sqrt(F/df) | AS2: =IF(AND(AP2="Y",ISNUMBER(AO2)),AO2,0) -> 10.894672 | AT2: =IF(AS2>0,AS2*AG2,0) -> 12.701981 | AU2: =IF(AS2>0,AS2*AG2^2,0) -> 14.809103 | AV2: =IF(AS2>0,AS2^2,0) -> 118.69387 | AW2: =IF(AS2>0,AG2,0) -> 1.1658893 | AX2: =IF(AS2>0,AH2,1) -> 0.091787987
A3: ES002 | B3: S001 | C3: Abdelghani et al. (2022) | D3: 2022 | E3: France | F3: Primary education | G3: Science / general knowledge (reading-based) | H3: Conversational AI / chatbot | I3: Conversational AI (pedagogical agent) - 'Kids Ask' incentive conversational agent (semantic cues) | J3: No | K3: Pseudo-randomized controlled experiment, 2 groups | L3: Neutral conversational agent (no cues) | M3: 4 sessions in 1 week | N3: 75 per session | O3: Less than 1 week | P3: Cognitive | Q3: Higher-order thinking skills | S3: Quality of questions generated | T3: Question quality grid score | U3: Post-test | V3: 25 | Y3: 26 | AB3: F | AC3: 37.48 | AD3: 1 | AE3: =IFERROR(IF(AB3="MSD",IF(COUNT(V3,W3,X3,Y3,Z3,AA3)<6,"",(W3-Z3)/SQRT(((V3-1)*X3^2+(Y3-1)*AA3^2)/(V3+Y3-2))*AD3),IF(AB3="t",AC3*SQRT(1/V3+1/Y3)*AD3,IF(AB3="F",SQRT(AC3)*SQRT(1/V3+1/Y3)*AD3,IF(AB3="z",2*(AC3/SQRT(V3+Y3))/SQRT(1-(AC3/SQRT(V3+Y3))^2)*AD3,IF(AB3="t_paired",AC3/SQRT(V3)*AD3,""))))),"") -> 1.7148581 | AF3: =IF(AE3="","",IF(AB3="t_paired",1-3/(4*(V3-1)-1),1-3/(4*(V3+Y3)-9))) -> 0.98461538 | AG3: =IF(AE3="","",AE3*AF3) -> 1.6884757 | AH3: =IF(AG3="","",IF(AB3="t_paired",1/V3+AG3^2/(2*V3),(V3+Y3)/(V3*Y3)+AG3^2/(2*(V3+Y3)))) -> 0.10641203 | AI3: =IF(AH3="","",SQRT(AH3)) -> 0.32620857 | AJ3: =IF(AI3="","",AG3-1.96*AI3) -> 1.0491069 | AK3: =IF(AI3="","",AG3+1.96*AI3) -> 2.3278445 | AL3: =IF(AI3="","",AG3/AI3) -> 5.1760618 | AM3: =IF(AL3="","",2*(1-NORMSDIST(ABS(AL3)))) -> 2.2661843e-07 | AN3: =IF(COUNT(V3)=0,"",IF(AB3="t_paired",V3,V3+N(Y3))) -> 51 | AO3: =IF(AH3="","",1/AH3) -> 9.3974336 | AP3: Y | AQ3: Extracted from uploaded paper (replaces rows in your workbook(s): WB2) | AR3: Condition main effect F(1,49)=37.48 | AS3: =IF(AND(AP3="Y",ISNUMBER(AO3)),AO3,0) -> 9.3974336 | AT3: =IF(AS3>0,AS3*AG3,0) -> 15.867338 | AU3: =IF(AS3>0,AS3*AG3^2,0) -> 26.791616 | AV3: =IF(AS3>0,AS3^2,0) -> 88.311759 | AW3: =IF(AS3>0,AG3,0) -> 1.6884757 | AX3: =IF(AS3>0,AH3,1) -> 0.10641203
A4: ES003 | B4: S001 | C4: Abdelghani et al. (2022) | D4: 2022 | E4: France | F4: Primary education | G4: Science / general knowledge (reading-based) | H4: Conversational AI / chatbot | I4: Conversational AI (pedagogical agent) - 'Kids Ask' incentive conversational agent (semantic cues) | J4: No | K4: Pseudo-randomized controlled experiment, 2 groups | L4: Neutral conversational agent (no cues) | M4: 4 sessions in 1 week | N4: 75 per session | O4: Less than 1 week | P4: Cognitive | Q4: Higher-order thinking skills | S4: Question-asking (QA) fluency | T4: Offline divergent QA fluency test (2 min) | U4: Pre-test | V4: 25 | W4: 8.24 | X4: 5.56 | Y4: 26 | Z4: 9.61 | AA4: 7.38 | AB4: MSD | AD4: 1 | AE4: =IFERROR(IF(AB4="MSD",IF(COUNT(V4,W4,X4,Y4,Z4,AA4)<6,"",(W4-Z4)/SQRT(((V4-1)*X4^2+(Y4-1)*AA4^2)/(V4+Y4-2))*AD4),IF(AB4="t",AC4*SQRT(1/V4+1/Y4)*AD4,IF(AB4="F",SQRT(AC4)*SQRT(1/V4+1/Y4)*AD4,IF(AB4="z",2*(AC4/SQRT(V4+Y4))/SQRT(1-(AC4/SQRT(V4+Y4))^2)*AD4,IF(AB4="t_paired",AC4/SQRT(V4)*AD4,""))))),"") -> -0.20909497 | AF4: =IF(AE4="","",IF(AB4="t_paired",1-3/(4*(V4-1)-1),1-3/(4*(V4+Y4)-9))) -> 0.98461538 | AG4: =IF(AE4="","",AE4*AF4) -> -0.20587813 | AH4: =IF(AG4="","",IF(AB4="t_paired",1/V4+AG4^2/(2*V4),(V4+Y4)/(V4*Y4)+AG4^2/(2*(V4+Y4)))) -> 0.078877086 | AI4: =IF(AH4="","",SQRT(AH4)) -> 0.28085065 | AJ4: =IF(AI4="","",AG4-1.96*AI4) -> -0.75634539 | AK4: =IF(AI4="","",AG4+1.96*AI4) -> 0.34458914 | AL4: =IF(AI4="","",AG4/AI4) -> -0.733052 | AM4: =IF(AL4="","",2*(1-NORMSDIST(ABS(AL4)))) -> 0.46352672 | AN4: =IF(COUNT(V4)=0,"",IF(AB4="t_paired",V4,V4+N(Y4))) -> 51 | AO4: =IF(AH4="","",1/AH4) -> 12.677953 | AP4: N | AQ4: Extracted from uploaded paper (replaces rows in your workbook(s): WB2) | AR4: Table 2 baseline | AS4: =IF(AND(AP4="Y",ISNUMBER(AO4)),AO4,0) -> 0 | AT4: =IF(AS4>0,AS4*AG4,0) -> 0 | AU4: =IF(AS4>0,AS4*AG4^2,0) -> 0 | AV4: =IF(AS4>0,AS4^2,0) -> 0 | AW4: =IF(AS4>0,AG4,0) -> 0 | AX4: =IF(AS4>0,AH4,1) -> 1
A5: ES004 | B5: S001 | C5: Abdelghani et al. (2022) | D5: 2022 | E5: France | F5: Primary education | G5: Science / general knowledge (reading-based) | H5: Conversational AI / chatbot | I5: Conversational AI (pedagogical agent) - 'Kids Ask' incentive conversational agent (semantic cues) | J5: No | K5: Pseudo-randomized controlled experiment, 2 groups | L5: Neutral conversational agent (no cues) | M5: 4 sessions in 1 week | N5: 75 per session | O5: Less than 1 week | P5: Cognitive | Q5: Knowledge-based outcome | S5: Domain-knowledge quiz | T5: Domain-knowledge quiz (max 9) | U5: Pre-test | V5: 25 | W5: 2.32 | X5: 2.91 | Y5: 26 | Z5: 2.73 | AA5: 2.34 | AB5: MSD | AD5: 1 | AE5: =IFERROR(IF(AB5="MSD",IF(COUNT(V5,W5,X5,Y5,Z5,AA5)<6,"",(W5-Z5)/SQRT(((V5-1)*X5^2+(Y5-1)*AA5^2)/(V5+Y5-2))*AD5),IF(AB5="t",AC5*SQRT(1/V5+1/Y5)*AD5,IF(AB5="F",SQRT(AC5)*SQRT(1/V5+1/Y5)*AD5,IF(AB5="z",2*(AC5/SQRT(V5+Y5))/SQRT(1-(AC5/SQRT(V5+Y5))^2)*AD5,IF(AB5="t_paired",AC5/SQRT(V5)*AD5,""))))),"") -> -0.15561914 | AF5: =IF(AE5="","",IF(AB5="t_paired",1-3/(4*(V5-1)-1),1-3/(4*(V5+Y5)-9))) -> 0.98461538 | AG5: =IF(AE5="","",AE5*AF5) -> -0.153225 | AH5: =IF(AG5="","",IF(AB5="t_paired",1/V5+AG5^2/(2*V5),(V5+Y5)/(V5*Y5)+AG5^2/(2*(V5+Y5)))) -> 0.078691714 | AI5: =IF(AH5="","",SQRT(AH5)) -> 0.28052043 | AJ5: =IF(AI5="","",AG5-1.96*AI5) -> -0.70304505 | AK5: =IF(AI5="","",AG5+1.96*AI5) -> 0.39659505 | AL5: =IF(AI5="","",AG5/AI5) -> -0.54621688 | AM5: =IF(AL5="","",2*(1-NORMSDIST(ABS(AL5)))) -> 0.58491686 | AN5: =IF(COUNT(V5)=0,"",IF(AB5="t_paired",V5,V5+N(Y5))) -> 51 | AO5: =IF(AH5="","",1/AH5) -> 12.707818 | AP5: N | AQ5: Extracted from uploaded paper (replaces rows in your workbook(s): WB2) | AR5: Sec 5.2 | AS5: =IF(AND(AP5="Y",ISNUMBER(AO5)),AO5,0) -> 0 | AT5: =IF(AS5>0,AS5*AG5,0) -> 0 | AU5: =IF(AS5>0,AS5*AG5^2,0) -> 0 | AV5: =IF(AS5>0,AS5^2,0) -> 0 | AW5: =IF(AS5>0,AG5,0) -> 0 | AX5: =IF(AS5>0,AH5,1) -> 1
A6: ES005 | B6: S001 | C6: Abdelghani et al. (2022) | D6: 2022 | E6: France | F6: Primary education | G6: Science / general knowledge (reading-based) | H6: Conversational AI / chatbot | I6: Conversational AI (pedagogical agent) - 'Kids Ask' incentive conversational agent (semantic cues) | J6: No | K6: Pseudo-randomized controlled experiment, 2 groups | L6: Neutral conversational agent (no cues) | M6: 4 sessions in 1 week | N6: 75 per session | O6: Less than 1 week | P6: Cognitive | Q6: Knowledge-based outcome | S6: Learning progress (knowledge gain) | T6: Domain-knowledge quiz progress score | U6: Gain (post-pre) | V6: 25 | W6: 0.25 | X6: 0.41 | Y6: 26 | Z6: -0.009 | AA6: 0.45 | AB6: MSD | AD6: 1 | AE6: =IFERROR(IF(AB6="MSD",IF(COUNT(V6,W6,X6,Y6,Z6,AA6)<6,"",(W6-Z6)/SQRT(((V6-1)*X6^2+(Y6-1)*AA6^2)/(V6+Y6-2))*AD6),IF(AB6="t",AC6*SQRT(1/V6+1/Y6)*AD6,IF(AB6="F",SQRT(AC6)*SQRT(1/V6+1/Y6)*AD6,IF(AB6="z",2*(AC6/SQRT(V6+Y6))/SQRT(1-(AC6/SQRT(V6+Y6))^2)*AD6,IF(AB6="t_paired",AC6/SQRT(V6)*AD6,""))))),"") -> 0.60110604 | AF6: =IF(AE6="","",IF(AB6="t_paired",1-3/(4*(V6-1)-1),1-3/(4*(V6+Y6)-9))) -> 0.98461538 | AG6: =IF(AE6="","",AE6*AF6) -> 0.59185826 | AH6: =IF(AG6="","",IF(AB6="t_paired",1/V6+AG6^2/(2*V6),(V6+Y6)/(V6*Y6)+AG6^2/(2*(V6+Y6)))) -> 0.081895815 | AI6: =IF(AH6="","",SQRT(AH6)) -> 0.28617445 | AJ6: =IF(AI6="","",AG6-1.96*AI6) -> 0.030956339 | AK6: =IF(AI6="","",AG6+1.96*AI6) -> 1.1527602 | AL6: =IF(AI6="","",AG6/AI6) -> 2.068173 | AM6: =IF(AL6="","",2*(1-NORMSDIST(ABS(AL6)))) -> 0.038623761 | AN6: =IF(COUNT(V6)=0,"",IF(AB6="t_paired",V6,V6+N(Y6))) -> 51 | AO6: =IF(AH6="","",1/AH6) -> 12.210636 | AP6: Y | AQ6: Extracted from uploaded paper (replaces rows in your workbook(s): WB2) | AR6: Sec 5.2, p=.04 | AS6: =IF(AND(AP6="Y",ISNUMBER(AO6)),AO6,0) -> 12.210636 | AT6: =IF(AS6>0,AS6*AG6,0) -> 7.2269658 | AU6: =IF(AS6>0,AS6*AG6^2,0) -> 4.2773394 | AV6: =IF(AS6>0,AS6^2,0) -> 149.09964 | AW6: =IF(AS6>0,AG6,0) -> 0.59185826 | AX6: =IF(AS6>0,AH6,1) -> 0.081895815
A7: ES006 | B7: S001 | C7: Abdelghani et al. (2022) | D7: 2022 | E7: France | F7: Primary education | G7: Science / general knowledge (reading-based) | H7: Conversational AI / chatbot | I7: Conversational AI (pedagogical agent) - 'Kids Ask' incentive conversational agent (semantic cues) | J7: No | K7: Pseudo-randomized controlled experiment, 2 groups | L7: Neutral conversational agent (no cues) | M7: 4 sessions in 1 week | N7: 75 per session | O7: Less than 1 week | P7: Non-cognitive | Q7: Curiosity | R7: Trait curiosity | S7: Curiosity trait | T7: Curiosity trait questionnaire (profile measure) | U7: Pre-test | V7: 25 | W7: 27.12 | X7: 4.8 | Y7: 26 | Z7: 29.3 | AA7: 4.3 | AB7: MSD | AD7: 1 | AE7: =IFERROR(IF(AB7="MSD",IF(COUNT(V7,W7,X7,Y7,Z7,AA7)<6,"",(W7-Z7)/SQRT(((V7-1)*X7^2+(Y7-1)*AA7^2)/(V7+Y7-2))*AD7),IF(AB7="t",AC7*SQRT(1/V7+1/Y7)*AD7,IF(AB7="F",SQRT(AC7)*SQRT(1/V7+1/Y7)*AD7,IF(AB7="z",2*(AC7/SQRT(V7+Y7))/SQRT(1-(AC7/SQRT(V7+Y7))^2)*AD7,IF(AB7="t_paired",AC7/SQRT(V7)*AD7,""))))),"") -> -0.47893502 | AF7: =IF(AE7="","",IF(AB7="t_paired",1-3/(4*(V7-1)-1),1-3/(4*(V7+Y7)-9))) -> 0.98461538 | AG7: =IF(AE7="","",AE7*AF7) -> -0.47156678 | AH7: =IF(AG7="","",IF(AB7="t_paired",1/V7+AG7^2/(2*V7),(V7+Y7)/(V7*Y7)+AG7^2/(2*(V7+Y7)))) -> 0.080641688 | AI7: =IF(AH7="","",SQRT(AH7)) -> 0.2839748 | AJ7: =IF(AI7="","",AG7-1.96*AI7) -> -1.0281574 | AK7: =IF(AI7="","",AG7+1.96*AI7) -> 0.085023826 | AL7: =IF(AI7="","",AG7/AI7) -> -1.6605938 | AM7: =IF(AL7="","",2*(1-NORMSDIST(ABS(AL7)))) -> 0.096795062 | AN7: =IF(COUNT(V7)=0,"",IF(AB7="t_paired",V7,V7+N(Y7))) -> 51 | AO7: =IF(AH7="","",1/AH7) -> 12.400534 | AP7: N | AQ7: Extracted from uploaded paper (replaces rows in your workbook(s): WB2) | AR7: Table 2 baseline profile. NB: your curiosity workbook entered this as Post-test | AS7: =IF(AND(AP7="Y",ISNUMBER(AO7)),AO7,0) -> 0 | AT7: =IF(AS7>0,AS7*AG7,0) -> 0 | AU7: =IF(AS7>0,AS7*AG7^2,0) -> 0 | AV7: =IF(AS7>0,AS7^2,0) -> 0 | AW7: =IF(AS7>0,AG7,0) -> 0 | AX7: =IF(AS7>0,AH7,1) -> 1
A8: ES007 | B8: S001 | C8: Abdelghani et al. (2022) | D8: 2022 | E8: France | F8: Primary education | G8: Science / general knowledge (reading-based) | H8: Conversational AI / chatbot | I8: Conversational AI (pedagogical agent) - 'Kids Ask' incentive conversational agent (semantic cues) | J8: No | K8: Pseudo-randomized controlled experiment, 2 groups | L8: Neutral conversational agent (no cues) | M8: 4 sessions in 1 week | N8: 75 per session | O8: Less than 1 week | P8: Non-cognitive | Q8: Curiosity | R8: Perceptual curiosity | S8: Exploration time (curiosity-driven exploration) | T8: Time spent exploring resources (s) | U8: Post-test | V8: 25 | W8: 1593.15 | X8: 634.81 | Y8: 26 | Z8: 1222.95 | AA8: 439.76 | AB8: MSD | AD8: 1 | AE8: =IFERROR(IF(AB8="MSD",IF(COUNT(V8,W8,X8,Y8,Z8,AA8)<6,"",(W8-Z8)/SQRT(((V8-1)*X8^2+(Y8-1)*AA8^2)/(V8+Y8-2))*AD8),IF(AB8="t",AC8*SQRT(1/V8+1/Y8)*AD8,IF(AB8="F",SQRT(AC8)*SQRT(1/V8+1/Y8)*AD8,IF(AB8="z",2*(AC8/SQRT(V8+Y8))/SQRT(1-(AC8/SQRT(V8+Y8))^2)*AD8,IF(AB8="t_paired",AC8/SQRT(V8)*AD8,""))))),"") -> 0.68038646 | AF8: =IF(AE8="","",IF(AB8="t_paired",1-3/(4*(V8-1)-1),1-3/(4*(V8+Y8)-9))) -> 0.98461538 | AG8: =IF(AE8="","",AE8*AF8) -> 0.66991897 | AH8: =IF(AG8="","",IF(AB8="t_paired",1/V8+AG8^2/(2*V8),(V8+Y8)/(V8*Y8)+AG8^2/(2*(V8+Y8)))) -> 0.082861454 | AI8: =IF(AH8="","",SQRT(AH8)) -> 0.28785666 | AJ8: =IF(AI8="","",AG8-1.96*AI8) -> 0.10571993 | AK8: =IF(AI8="","",AG8+1.96*AI8) -> 1.234118 | AL8: =IF(AI8="","",AG8/AI8) -> 2.3272659 | AM8: =IF(AL8="","",2*(1-NORMSDIST(ABS(AL8)))) -> 0.019951118 | AN8: =IF(COUNT(V8)=0,"",IF(AB8="t_paired",V8,V8+N(Y8))) -> 51 | AO8: =IF(AH8="","",1/AH8) -> 12.068338 | AP8: Y | AQ8: Extracted from uploaded paper (replaces rows in your workbook(s): WB2) | AR8: Sec 5.1.2, reported d=0.68 | AS8: =IF(AND(AP8="Y",ISNUMBER(AO8)),AO8,0) -> 12.068338 | AT8: =IF(AS8>0,AS8*AG8,0) -> 8.0848083 | AU8: =IF(AS8>0,AS8*AG8^2,0) -> 5.4161665 | AV8: =IF(AS8>0,AS8^2,0) -> 145.64477 | AW8: =IF(AS8>0,AG8,0) -> 0.66991897 | AX8: =IF(AS8>0,AH8,1) -> 0.082861454
A9: ES008 | B9: S001 | C9: Abdelghani et al. (2022) | D9: 2022 | E9: France | F9: Primary education | G9: Science / general knowledge (reading-based) | H9: Conversational AI / chatbot | I9: Conversational AI (pedagogical agent) - 'Kids Ask' incentive conversational agent (semantic cues) | J9: No | K9: Pseudo-randomized controlled experiment, 2 groups | L9: Neutral conversational agent (no cues) | M9: 4 sessions in 1 week | N9: 75 per session | O9: Less than 1 week | P9: Non-cognitive | Q9: Curiosity | R9: Epistemic curiosity | S9: Perception of curiosity | T9: CIAC perception of curiosity questionnaire | U9: Pre-test | V9: 25 | W9: 37.5 | X9: 6.58 | Y9: 26 | Z9: 38.8 | AA9: 8 | AB9: MSD | AD9: 1 | AE9: =IFERROR(IF(AB9="MSD",IF(COUNT(V9,W9,X9,Y9,Z9,AA9)<6,"",(W9-Z9)/SQRT(((V9-1)*X9^2+(Y9-1)*AA9^2)/(V9+Y9-2))*AD9),IF(AB9="t",AC9*SQRT(1/V9+1/Y9)*AD9,IF(AB9="F",SQRT(AC9)*SQRT(1/V9+1/Y9)*AD9,IF(AB9="z",2*(AC9/SQRT(V9+Y9))/SQRT(1-(AC9/SQRT(V9+Y9))^2)*AD9,IF(AB9="t_paired",AC9/SQRT(V9)*AD9,""))))),"") -> -0.17713825 | AF9: =IF(AE9="","",IF(AB9="t_paired",1-3/(4*(V9-1)-1),1-3/(4*(V9+Y9)-9))) -> 0.98461538 | AG9: =IF(AE9="","",AE9*AF9) -> -0.17441305 | AH9: =IF(AG9="","",IF(AB9="t_paired",1/V9+AG9^2/(2*V9),(V9+Y9)/(V9*Y9)+AG9^2/(2*(V9+Y9)))) -> 0.078759773 | AI9: =IF(AH9="","",SQRT(AH9)) -> 0.28064172 | AJ9: =IF(AI9="","",AG9-1.96*AI9) -> -0.72447081 | AK9: =IF(AI9="","",AG9+1.96*AI9) -> 0.37564472 | AL9: =IF(AI9="","",AG9/AI9) -> -0.6214794 | AM9: =IF(AL9="","",2*(1-NORMSDIST(ABS(AL9)))) -> 0.53428424 | AN9: =IF(COUNT(V9)=0,"",IF(AB9="t_paired",V9,V9+N(Y9))) -> 51 | AO9: =IF(AH9="","",1/AH9) -> 12.696837 | AP9: N | AQ9: Extracted from uploaded paper (replaces rows in your workbook(s): WB2) | AR9: Table 2 baseline profile. NB: your curiosity workbook entered this as Post-test | AS9: =IF(AND(AP9="Y",ISNUMBER(AO9)),AO9,0) -> 0 | AT9: =IF(AS9>0,AS9*AG9,0) -> 0 | AU9: =IF(AS9>0,AS9*AG9^2,0) -> 0 | AV9: =IF(AS9>0,AS9^2,0) -> 0 | AW9: =IF(AS9>0,AG9,0) -> 0 | AX9: =IF(AS9>0,AH9,1) -> 1
A10: ES009 | B10: S002 | C10: Abdelghani et al. (2024) | D10: 2024 | E10: France | F10: Primary education | G10: Science / general knowledge (reading-based) | H10: Generative AI (LLM-based) | I10: Generative AI (LLM pedagogical agent) - GPT-3-driven 'open' conversational agent (Kids Ask) | J10: No | K10: Pseudo-randomized experiment, 3 groups (active comparator) | L10: Hand-crafted incentive conversational agent (non-generative cues) - active comparator | M10: 3 sessions in 1 week | N10: 60 per session | O10: Less than 1 week | P10: Cognitive | Q10: Higher-order thinking skills | S10: Percentage of divergent questions generated | T10: Divergent QA % during training | U10: Post-test | V10: 25 | Y10: 24 | AB10: t | AC10: 3.17 | AD10: 1 | AE10: =IFERROR(IF(AB10="MSD",IF(COUNT(V10,W10,X10,Y10,Z10,AA10)<6,"",(W10-Z10)/SQRT(((V10-1)*X10^2+(Y10-1)*AA10^2)/(V10+Y10-2))*AD10),IF(AB10="t",AC10*SQRT(1/V10+1/Y10)*AD10,IF(AB10="F",SQRT(AC10)*SQRT(1/V10+1/Y10)*AD10,IF(AB10="z",2*(AC10/SQRT(V10+Y10))/SQRT(1-(AC10/SQRT(V10+Y10))^2)*AD10,IF(AB10="t_paired",AC10/SQRT(V10)*AD10,""))))),"") -> 0.90590296 | AF10: =IF(AE10="","",IF(AB10="t_paired",1-3/(4*(V10-1)-1),1-3/(4*(V10+Y10)-9))) -> 0.98395722 | AG10: =IF(AE10="","",AE10*AF10) -> 0.89136975 | AH10: =IF(AG10="","",IF(AB10="t_paired",1/V10+AG10^2/(2*V10),(V10+Y10)/(V10*Y10)+AG10^2/(2*(V10+Y10)))) -> 0.089774218 | AI10: =IF(AH10="","",SQRT(AH10)) -> 0.29962346 | AJ10: =IF(AI10="","",AG10-1.96*AI10) -> 0.30410777 | AK10: =IF(AI10="","",AG10+1.96*AI10) -> 1.4786317 | AL10: =IF(AI10="","",AG10/AI10) -> 2.9749665 | AM10: =IF(AL10="","",2*(1-NORMSDIST(ABS(AL10)))) -> 0.0029302056 | AN10: =IF(COUNT(V10)=0,"",IF(AB10="t_paired",V10,V10+N(Y10))) -> 49 | AO10: =IF(AH10="","",1/AH10) -> 11.139056 | AP10: Y | AQ10: Extracted from uploaded paper (replaces rows in your workbook(s): WB2) | AR10: GPT-3 open vs hand-crafted: t=-3.17 (open higher), p=.003 | AS10: =IF(AND(AP10="Y",ISNUMBER(AO10)),AO10,0) -> 11.139056 | AT10: =IF(AS10>0,AS10*AG10,0) -> 9.9290172 | AU10: =IF(AS10>0,AS10*AG10^2,0) -> 8.8504256 | AV10: =IF(AS10>0,AS10^2,0) -> 124.07856 | AW10: =IF(AS10>0,AG10,0) -> 0.89136975 | AX10: =IF(AS10>0,AH10,1) -> 0.089774218
A11: ES010 | B11: S002 | C11: Abdelghani et al. (2024) | D11: 2024 | E11: France | F11: Primary education | G11: Science / general knowledge (reading-based) | H11: Generative AI (LLM-based) | I11: Generative AI (LLM pedagogical agent) - GPT-3-driven 'open' conversational agent (Kids Ask) | J11: No | K11: Pseudo-randomized experiment, 3 groups (active comparator) | L11: Hand-crafted incentive conversational agent (non-generative cues) - active comparator | M11: 3 sessions in 1 week | N11: 60 per session | O11: Less than 1 week | P11: Cognitive | Q11: Higher-order thinking skills | S11: Quality of questions generated | T11: Question quality grid score | U11: Post-test | V11: 25 | Y11: 24 | AB11: t | AC11: 0.29 | AD11: 1 | AE11: =IFERROR(IF(AB11="MSD",IF(COUNT(V11,W11,X11,Y11,Z11,AA11)<6,"",(W11-Z11)/SQRT(((V11-1)*X11^2+(Y11-1)*AA11^2)/(V11+Y11-2))*AD11),IF(AB11="t",AC11*SQRT(1/V11+1/Y11)*AD11,IF(AB11="F",SQRT(AC11)*SQRT(1/V11+1/Y11)*AD11,IF(AB11="z",2*(AC11/SQRT(V11+Y11))/SQRT(1-(AC11/SQRT(V11+Y11))^2)*AD11,IF(AB11="t_paired",AC11/SQRT(V11)*AD11,""))))),"") -> 0.082874403 | AF11: =IF(AE11="","",IF(AB11="t_paired",1-3/(4*(V11-1)-1),1-3/(4*(V11+Y11)-9))) -> 0.98395722 | AG11: =IF(AE11="","",AE11*AF11) -> 0.081544867 | AH11: =IF(AG11="","",IF(AB11="t_paired",1/V11+AG11^2/(2*V11),(V11+Y11)/(V11*Y11)+AG11^2/(2*(V11+Y11)))) -> 0.081734519 | AI11: =IF(AH11="","",SQRT(AH11)) -> 0.2858925 | AJ11: =IF(AI11="","",AG11-1.96*AI11) -> -0.47880443 | AK11: =IF(AI11="","",AG11+1.96*AI11) -> 0.64189416 | AL11: =IF(AI11="","",AG11/AI11) -> 0.28522913 | AM11: =IF(AL11="","",2*(1-NORMSDIST(ABS(AL11)))) -> 0.77546861 | AN11: =IF(COUNT(V11)=0,"",IF(AB11="t_paired",V11,V11+N(Y11))) -> 49 | AO11: =IF(AH11="","",1/AH11) -> 12.234733 | AP11: Y | AQ11: Extracted from uploaded paper (replaces rows in your workbook(s): WB2) | AR11: GPT-3 open vs hand-crafted t=-0.29 (n.s.); direction from figure | AS11: =IF(AND(AP11="Y",ISNUMBER(AO11)),AO11,0) -> 12.234733 | AT11: =IF(AS11>0,AS11*AG11,0) -> 0.99767965 | AU11: =IF(AS11>0,AS11*AG11^2,0) -> 0.081355655 | AV11: =IF(AS11>0,AS11^2,0) -> 149.68869 | AW11: =IF(AS11>0,AG11,0) -> 0.081544867 | AX11: =IF(AS11>0,AH11,1) -> 0.081734519
A12: ES011 | B12: S002 | C12: Abdelghani et al. (2024) | D12: 2024 | E12: France | F12: Primary education | G12: Science / general knowledge (reading-based) | H12: Generative AI (LLM-based) | I12: Generative AI (LLM pedagogical agent) - GPT-3-driven 'open' conversational agent (Kids Ask) | J12: No | K12: Pseudo-randomized experiment, 3 groups (active comparator) | L12: Hand-crafted incentive conversational agent (non-generative cues) - active comparator | M12: 3 sessions in 1 week | N12: 60 per session | O12: Less than 1 week | P12: Cognitive | Q12: Higher-order thinking skills | S12: Use of agent cues (%) | T12: % questions using agent cues | U12: Post-test | V12: 25 | W12: 91.78 | X12: 8.83 | Y12: 24 | Z12: 77.28 | AA12: 23.08 | AB12: MSD | AD12: 1 | AE12: =IFERROR(IF(AB12="MSD",IF(COUNT(V12,W12,X12,Y12,Z12,AA12)<6,"",(W12-Z12)/SQRT(((V12-1)*X12^2+(Y12-1)*AA12^2)/(V12+Y12-2))*AD12),IF(AB12="t",AC12*SQRT(1/V12+1/Y12)*AD12,IF(AB12="F",SQRT(AC12)*SQRT(1/V12+1/Y12)*AD12,IF(AB12="z",2*(AC12/SQRT(V12+Y12))/SQRT(1-(AC12/SQRT(V12+Y12))^2)*AD12,IF(AB12="t_paired",AC12/SQRT(V12)*AD12,""))))),"") -> 0.83647473 | AF12: =IF(AE12="","",IF(AB12="t_paired",1-3/(4*(V12-1)-1),1-3/(4*(V12+Y12)-9))) -> 0.98395722 | AG12: =IF(AE12="","",AE12*AF12) -> 0.82305535 | AH12: =IF(AG12="","",IF(AB12="t_paired",1/V12+AG12^2/(2*V12),(V12+Y12)/(V12*Y12)+AG12^2/(2*(V12+Y12)))) -> 0.088579117 | AI12: =IF(AH12="","",SQRT(AH12)) -> 0.29762244 | AJ12: =IF(AI12="","",AG12-1.96*AI12) -> 0.23971537 | AK12: =IF(AI12="","",AG12+1.96*AI12) -> 1.4063953 | AL12: =IF(AI12="","",AG12/AI12) -> 2.7654344 | AM12: =IF(AL12="","",2*(1-NORMSDIST(ABS(AL12)))) -> 0.005684703 | AN12: =IF(COUNT(V12)=0,"",IF(AB12="t_paired",V12,V12+N(Y12))) -> 49 | AO12: =IF(AH12="","",1/AH12) -> 11.289343 | AP12: Y | AQ12: Extracted from uploaded paper (replaces rows in your workbook(s): WB2) | AR12: Sec 8.2.1 | AS12: =IF(AND(AP12="Y",ISNUMBER(AO12)),AO12,0) -> 11.289343 | AT12: =IF(AS12>0,AS12*AG12,0) -> 9.2917538 | AU12: =IF(AS12>0,AS12*AG12^2,0) -> 7.6476277 | AV12: =IF(AS12>0,AS12^2,0) -> 127.44926 | AW12: =IF(AS12>0,AG12,0) -> 0.82305535 | AX12: =IF(AS12>0,AH12,1) -> 0.088579117
A13: ES012 | B13: S002 | C13: Abdelghani et al. (2024) | D13: 2024 | E13: France | F13: Primary education | G13: Science / general knowledge (reading-based) | H13: Generative AI (LLM-based) | I13: Generative AI (LLM pedagogical agent) - GPT-3-driven 'open' conversational agent (Kids Ask) | J13: No | K13: Pseudo-randomized experiment, 3 groups (active comparator) | L13: Hand-crafted incentive conversational agent (non-generative cues) - active comparator | M13: 3 sessions in 1 week | N13: 60 per session | O13: Less than 1 week | P13: Cognitive | Q13: Knowledge-based outcome | S13: Domain-knowledge quiz | T13: Domain-knowledge quiz (profile) | U13: Pre-test | V13: 25 | W13: 8.72 | X13: 4.05 | Y13: 24 | Z13: 6.9 | AA13: 4.6 | AB13: MSD | AD13: 1 | AE13: =IFERROR(IF(AB13="MSD",IF(COUNT(V13,W13,X13,Y13,Z13,AA13)<6,"",(W13-Z13)/SQRT(((V13-1)*X13^2+(Y13-1)*AA13^2)/(V13+Y13-2))*AD13),IF(AB13="t",AC13*SQRT(1/V13+1/Y13)*AD13,IF(AB13="F",SQRT(AC13)*SQRT(1/V13+1/Y13)*AD13,IF(AB13="z",2*(AC13/SQRT(V13+Y13))/SQRT(1-(AC13/SQRT(V13+Y13))^2)*AD13,IF(AB13="t_paired",AC13/SQRT(V13)*AD13,""))))),"") -> 0.42052818 | AF13: =IF(AE13="","",IF(AB13="t_paired",1-3/(4*(V13-1)-1),1-3/(4*(V13+Y13)-9))) -> 0.98395722 | AG13: =IF(AE13="","",AE13*AF13) -> 0.41378173 | AH13: =IF(AG13="","",IF(AB13="t_paired",1/V13+AG13^2/(2*V13),(V13+Y13)/(V13*Y13)+AG13^2/(2*(V13+Y13)))) -> 0.083413762 | AI13: =IF(AH13="","",SQRT(AH13)) -> 0.28881441 | AJ13: =IF(AI13="","",AG13-1.96*AI13) -> -0.1522945 | AK13: =IF(AI13="","",AG13+1.96*AI13) -> 0.97985797 | AL13: =IF(AI13="","",AG13/AI13) -> 1.4326908 | AM13: =IF(AL13="","",2*(1-NORMSDIST(ABS(AL13)))) -> 0.15194623 | AN13: =IF(COUNT(V13)=0,"",IF(AB13="t_paired",V13,V13+N(Y13))) -> 49 | AO13: =IF(AH13="","",1/AH13) -> 11.988429 | AP13: N | AQ13: Extracted from uploaded paper (replaces rows in your workbook(s): WB2) | AR13: Table 1 baseline | AS13: =IF(AND(AP13="Y",ISNUMBER(AO13)),AO13,0) -> 0 | AT13: =IF(AS13>0,AS13*AG13,0) -> 0 | AU13: =IF(AS13>0,AS13*AG13^2,0) -> 0 | AV13: =IF(AS13>0,AS13^2,0) -> 0 | AW13: =IF(AS13>0,AG13,0) -> 0 | AX13: =IF(AS13>0,AH13,1) -> 1
A14: ES013 | B14: S002 | C14: Abdelghani et al. (2024) | D14: 2024 | E14: France | F14: Primary education | G14: Science / general knowledge (reading-based) | H14: Generative AI (LLM-based) | I14: Generative AI (LLM pedagogical agent) - GPT-3-driven 'open' conversational agent (Kids Ask) | J14: No | K14: Pseudo-randomized experiment, 3 groups (active comparator) | L14: Hand-crafted incentive conversational agent (non-generative cues) - active comparator | M14: 3 sessions in 1 week | N14: 60 per session | O14: Less than 1 week | P14: Non-cognitive | Q14: Curiosity | R14: Trait curiosity | S14: Curiosity trait | T14: Curiosity trait questionnaire (profile) | U14: Pre-test | V14: 25 | W14: 28.36 | X14: 4.75 | Y14: 24 | Z14: 27.2 | AA14: 4.38 | AB14: MSD | AD14: 1 | AE14: =IFERROR(IF(AB14="MSD",IF(COUNT(V14,W14,X14,Y14,Z14,AA14)<6,"",(W14-Z14)/SQRT(((V14-1)*X14^2+(Y14-1)*AA14^2)/(V14+Y14-2))*AD14),IF(AB14="t",AC14*SQRT(1/V14+1/Y14)*AD14,IF(AB14="F",SQRT(AC14)*SQRT(1/V14+1/Y14)*AD14,IF(AB14="z",2*(AC14/SQRT(V14+Y14))/SQRT(1-(AC14/SQRT(V14+Y14))^2)*AD14,IF(AB14="t_paired",AC14/SQRT(V14)*AD14,""))))),"") -> 0.25368065 | AF14: =IF(AE14="","",IF(AB14="t_paired",1-3/(4*(V14-1)-1),1-3/(4*(V14+Y14)-9))) -> 0.98395722 | AG14: =IF(AE14="","",AE14*AF14) -> 0.2496109 | AH14: =IF(AG14="","",IF(AB14="t_paired",1/V14+AG14^2/(2*V14),(V14+Y14)/(V14*Y14)+AG14^2/(2*(V14+Y14)))) -> 0.082302438 | AI14: =IF(AH14="","",SQRT(AH14)) -> 0.28688402 | AJ14: =IF(AI14="","",AG14-1.96*AI14) -> -0.31268177 | AK14: =IF(AI14="","",AG14+1.96*AI14) -> 0.81190357 | AL14: =IF(AI14="","",AG14/AI14) -> 0.87007603 | AM14: =IF(AL14="","",2*(1-NORMSDIST(ABS(AL14)))) -> 0.38425886 | AN14: =IF(COUNT(V14)=0,"",IF(AB14="t_paired",V14,V14+N(Y14))) -> 49 | AO14: =IF(AH14="","",1/AH14) -> 12.150308 | AP14: N | AQ14: Extracted from uploaded paper (replaces rows in your workbook(s): WB2) | AR14: Table 1 baseline: Group 3 (GPT-3 open) vs Group 1 (hand-crafted) | AS14: =IF(AND(AP14="Y",ISNUMBER(AO14)),AO14,0) -> 0 | AT14: =IF(AS14>0,AS14*AG14,0) -> 0 | AU14: =IF(AS14>0,AS14*AG14^2,0) -> 0 | AV14: =IF(AS14>0,AS14^2,0) -> 0 | AW14: =IF(AS14>0,AG14,0) -> 0 | AX14: =IF(AS14>0,AH14,1) -> 1
A15: ES014 | B15: S002 | C15: Abdelghani et al. (2024) | D15: 2024 | E15: France | F15: Primary education | G15: Science / general knowledge (reading-based) | H15: Generative AI (LLM-based) | I15: Generative AI (LLM pedagogical agent) - GPT-3-driven 'open' conversational agent (Kids Ask) | J15: No | K15: Pseudo-randomized experiment, 3 groups (active comparator) | L15: Hand-crafted incentive conversational agent (non-generative cues) - active comparator | M15: 3 sessions in 1 week | N15: 60 per session | O15: Less than 1 week | P15: Non-cognitive | Q15: Curiosity | R15: Epistemic curiosity | S15: Perception of curiosity | T15: CIAC perception of curiosity (profile) | U15: Pre-test | V15: 25 | W15: 33.92 | X15: 9.12 | Y15: 24 | Z15: 37.54 | AA15: 6.72 | AB15: MSD | AD15: 1 | AE15: =IFERROR(IF(AB15="MSD",IF(COUNT(V15,W15,X15,Y15,Z15,AA15)<6,"",(W15-Z15)/SQRT(((V15-1)*X15^2+(Y15-1)*AA15^2)/(V15+Y15-2))*AD15),IF(AB15="t",AC15*SQRT(1/V15+1/Y15)*AD15,IF(AB15="F",SQRT(AC15)*SQRT(1/V15+1/Y15)*AD15,IF(AB15="z",2*(AC15/SQRT(V15+Y15))/SQRT(1-(AC15/SQRT(V15+Y15))^2)*AD15,IF(AB15="t_paired",AC15/SQRT(V15)*AD15,""))))),"") -> -0.45049544 | AF15: =IF(AE15="","",IF(AB15="t_paired",1-3/(4*(V15-1)-1),1-3/(4*(V15+Y15)-9))) -> 0.98395722 | AG15: =IF(AE15="","",AE15*AF15) -> -0.44326824 | AH15: =IF(AG15="","",IF(AB15="t_paired",1/V15+AG15^2/(2*V15),(V15+Y15)/(V15*Y15)+AG15^2/(2*(V15+Y15)))) -> 0.083671633 | AI15: =IF(AH15="","",SQRT(AH15)) -> 0.28926049 | AJ15: =IF(AI15="","",AG15-1.96*AI15) -> -1.0102188 | AK15: =IF(AI15="","",AG15+1.96*AI15) -> 0.12368233 | AL15: =IF(AI15="","",AG15/AI15) -> -1.5324189 | AM15: =IF(AL15="","",2*(1-NORMSDIST(ABS(AL15)))) -> 0.1254191 | AN15: =IF(COUNT(V15)=0,"",IF(AB15="t_paired",V15,V15+N(Y15))) -> 49 | AO15: =IF(AH15="","",1/AH15) -> 11.951482 | AP15: N | AQ15: Extracted from uploaded paper (replaces rows in your workbook(s): WB2) | AR15: Table 1 baseline. NB: your curiosity workbook entered these baseline values as Post-test | AS15: =IF(AND(AP15="Y",ISNUMBER(AO15)),AO15,0) -> 0 | AT15: =IF(AS15>0,AS15*AG15,0) -> 0 | AU15: =IF(AS15>0,AS15*AG15^2,0) -> 0 | AV15: =IF(AS15>0,AS15^2,0) -> 0 | AW15: =IF(AS15>0,AG15,0) -> 0 | AX15: =IF(AS15>0,AH15,1) -> 1
A16: ES015 | B16: S003 | C16: Ali et al. (2021) | D16: 2021 | E16: United States | F16: Primary education (inferred from title) | G16: Not reported in source workbook | H16: AI educational robot | I16: AI educational robot | J16: Not reported | K16: Two-group comparison (per source workbook; verify design) | L16: Control group (per source workbook) | O16: Not reported | P16: Cognitive | Q16: Higher-order thinking skills | S16: Figural creativity | T16: TCT-DP | U16: Post-test | V16: 34 | W16: 32.88 | X16: 9.64 | Y16: 33 | Z16: 27.75 | AA16: 11.11 | AB16: MSD | AD16: 1 | AE16: =IFERROR(IF(AB16="MSD",IF(COUNT(V16,W16,X16,Y16,Z16,AA16)<6,"",(W16-Z16)/SQRT(((V16-1)*X16^2+(Y16-1)*AA16^2)/(V16+Y16-2))*AD16),IF(AB16="t",AC16*SQRT(1/V16+1/Y16)*AD16,IF(AB16="F",SQRT(AC16)*SQRT(1/V16+1/Y16)*AD16,IF(AB16="z",2*(AC16/SQRT(V16+Y16))/SQRT(1-(AC16/SQRT(V16+Y16))^2)*AD16,IF(AB16="t_paired",AC16/SQRT(V16)*AD16,""))))),"") -> 0.49375744 | AF16: =IF(AE16="","",IF(AB16="t_paired",1-3/(4*(V16-1)-1),1-3/(4*(V16+Y16)-9))) -> 0.98841699 | AG16: =IF(AE16="","",AE16*AF16) -> 0.48803824 | AH16: =IF(AG16="","",IF(AB16="t_paired",1/V16+AG16^2/(2*V16),(V16+Y16)/(V16*Y16)+AG16^2/(2*(V16+Y16)))) -> 0.061492268 | AI16: =IF(AH16="","",SQRT(AH16)) -> 0.24797634 | AJ16: =IF(AI16="","",AG16-1.96*AI16) -> 0.0020046084 | AK16: =IF(AI16="","",AG16+1.96*AI16) -> 0.97407188 | AL16: =IF(AI16="","",AG16/AI16) -> 1.9680839 | AM16: =IF(AL16="","",2*(1-NORMSDIST(ABS(AL16)))) -> 0.049058389 | AN16: =IF(COUNT(V16)=0,"",IF(AB16="t_paired",V16,V16+N(Y16))) -> 67 | AO16: =IF(AH16="","",1/AH16) -> 16.262207 | AP16: Y | AQ16: Raw_Data_ES_Meta_Analysis_Study_2.xlsx | AS16: =IF(AND(AP16="Y",ISNUMBER(AO16)),AO16,0) -> 16.262207 | AT16: =IF(AS16>0,AS16*AG16,0) -> 7.9365791 | AU16: =IF(AS16>0,AS16*AG16^2,0) -> 3.8733541 | AV16: =IF(AS16>0,AS16^2,0) -> 264.45938 | AW16: =IF(AS16>0,AG16,0) -> 0.48803824 | AX16: =IF(AS16>0,AH16,1) -> 0.061492268
A17: ES016 | B17: S003 | C17: Ali et al. (2021) | D17: 2021 | E17: United States | F17: Primary education (inferred from title) | G17: Not reported in source workbook | H17: AI educational robot | I17: AI educational robot | J17: Not reported | K17: Two-group comparison (per source workbook; verify design) | L17: Control group (per source workbook) | O17: Not reported | P17: Cognitive | Q17: Higher-order thinking skills | S17: Verbal creativity | T17: TCT-DP | U17: Post-test | V17: 33 | W17: 42.27 | X17: 14.3 | Y17: 34 | Z17: 32.88 | AA17: 9.64 | AB17: MSD | AD17: 1 | AE17: =IFERROR(IF(AB17="MSD",IF(COUNT(V17,W17,X17,Y17,Z17,AA17)<6,"",(W17-Z17)/SQRT(((V17-1)*X17^2+(Y17-1)*AA17^2)/(V17+Y17-2))*AD17),IF(AB17="t",AC17*SQRT(1/V17+1/Y17)*AD17,IF(AB17="F",SQRT(AC17)*SQRT(1/V17+1/Y17)*AD17,IF(AB17="z",2*(AC17/SQRT(V17+Y17))/SQRT(1-(AC17/SQRT(V17+Y17))^2)*AD17,IF(AB17="t_paired",AC17/SQRT(V17)*AD17,""))))),"") -> 0.77224039 | AF17: =IF(AE17="","",IF(AB17="t_paired",1-3/(4*(V17-1)-1),1-3/(4*(V17+Y17)-9))) -> 0.98841699 | AG17: =IF(AE17="","",AE17*AF17) -> 0.76329552 | AH17: =IF(AG17="","",IF(AB17="t_paired",1/V17+AG17^2/(2*V17),(V17+Y17)/(V17*Y17)+AG17^2/(2*(V17+Y17)))) -> 0.064062706 | AI17: =IF(AH17="","",SQRT(AH17)) -> 0.25310612 | AJ17: =IF(AI17="","",AG17-1.96*AI17) -> 0.26720754 | AK17: =IF(AI17="","",AG17+1.96*AI17) -> 1.2593835 | AL17: =IF(AI17="","",AG17/AI17) -> 3.0157135 | AM17: =IF(AL17="","",2*(1-NORMSDIST(ABS(AL17)))) -> 0.002563754 | AN17: =IF(COUNT(V17)=0,"",IF(AB17="t_paired",V17,V17+N(Y17))) -> 67 | AO17: =IF(AH17="","",1/AH17) -> 15.609706 | AP17: Y | AQ17: Raw_Data_ES_Meta_Analysis_Study_2.xlsx | AS17: =IF(AND(AP17="Y",ISNUMBER(AO17)),AO17,0) -> 15.609706 | AT17: =IF(AS17>0,AS17*AG17,0) -> 11.914819 | AU17: =IF(AS17>0,AS17*AG17^2,0) -> 9.0945278 | AV17: =IF(AS17>0,AS17^2,0) -> 243.66292 | AW17: =IF(AS17>0,AG17,0) -> 0.76329552 | AX17: =IF(AS17>0,AH17,1) -> 0.064062706
A18: ES017 | B18: S004 | C18: Ausin et al. (2023) | D18: 2023 | E18: United States | F18: Higher education | G18: Not reported in source workbook | H18: Intelligent tutoring / adaptive learning AI | I18: Reinforcement Learning (RL) | J18: Not reported | K18: Two-group comparison (per source workbook; verify design) | L18: Control group (per source workbook) | O18: Not reported | P18: Cognitive | Q18: Higher-order thinking skills | S18: Students' Performance (Experiment 1) | T18: Problem-solving ability tests | U18: Post-test | V18: 41 | W18: 48.6 | X18: 22.7 | Y18: 43 | Z18: 54 | AA18: 18.3 | AB18: MSD | AD18: 1 | AE18: =IFERROR(IF(AB18="MSD",IF(COUNT(V18,W18,X18,Y18,Z18,AA18)<6,"",(W18-Z18)/SQRT(((V18-1)*X18^2+(Y18-1)*AA18^2)/(V18+Y18-2))*AD18),IF(AB18="t",AC18*SQRT(1/V18+1/Y18)*AD18,IF(AB18="F",SQRT(AC18)*SQRT(1/V18+1/Y18)*AD18,IF(AB18="z",2*(AC18/SQRT(V18+Y18))/SQRT(1-(AC18/SQRT(V18+Y18))^2)*AD18,IF(AB18="t_paired",AC18/SQRT(V18)*AD18,""))))),"") -> -0.26259113 | AF18: =IF(AE18="","",IF(AB18="t_paired",1-3/(4*(V18-1)-1),1-3/(4*(V18+Y18)-9))) -> 0.99082569 | AG18: =IF(AE18="","",AE18*AF18) -> -0.26018204 | AH18: =IF(AG18="","",IF(AB18="t_paired",1/V18+AG18^2/(2*V18),(V18+Y18)/(V18*Y18)+AG18^2/(2*(V18+Y18)))) -> 0.048049002 | AI18: =IF(AH18="","",SQRT(AH18)) -> 0.21920083 | AJ18: =IF(AI18="","",AG18-1.96*AI18) -> -0.68981566 | AK18: =IF(AI18="","",AG18+1.96*AI18) -> 0.16945158 | AL18: =IF(AI18="","",AG18/AI18) -> -1.1869574 | AM18: =IF(AL18="","",2*(1-NORMSDIST(ABS(AL18)))) -> 0.23524444 | AN18: =IF(COUNT(V18)=0,"",IF(AB18="t_paired",V18,V18+N(Y18))) -> 84 | AO18: =IF(AH18="","",1/AH18) -> 20.812087 | AP18: Y | AQ18: Very_New_Cognitive_Higher_Edcn_Effect_Size.xlsx | AR18: Same data also in WB5: 'Outcome' (uncoded) | AS18: =IF(AND(AP18="Y",ISNUMBER(AO18)),AO18,0) -> 20.812087 | AT18: =IF(AS18>0,AS18*AG18,0) -> -5.4149311 | AU18: =IF(AS18>0,AS18*AG18^2,0) -> 1.4088678 | AV18: =IF(AS18>0,AS18^2,0) -> 433.14295 | AW18: =IF(AS18>0,AG18,0) -> -0.26018204 | AX18: =IF(AS18>0,AH18,1) -> 0.048049002
A19: ES018 | B19: S004 | C19: Ausin et al. (2023) | D19: 2023 | E19: United States | F19: Higher education | G19: Not reported in source workbook | H19: Intelligent tutoring / adaptive learning AI | I19: Reinforcement Learning (RL) | J19: Not reported | K19: Two-group comparison (per source workbook; verify design) | L19: Control group (per source workbook) | O19: Not reported | P19: Cognitive | Q19: Higher-order thinking skills | S19: Students' Performance (Experiment 2) | T19: Problem-solving ability tests | U19: Post-test | V19: 30 | W19: 29.44 | X19: 16.43 | Y19: 23 | Z19: 41.61 | AA19: 25.07 | AB19: MSD | AD19: 1 | AE19: =IFERROR(IF(AB19="MSD",IF(COUNT(V19,W19,X19,Y19,Z19,AA19)<6,"",(W19-Z19)/SQRT(((V19-1)*X19^2+(Y19-1)*AA19^2)/(V19+Y19-2))*AD19),IF(AB19="t",AC19*SQRT(1/V19+1/Y19)*AD19,IF(AB19="F",SQRT(AC19)*SQRT(1/V19+1/Y19)*AD19,IF(AB19="z",2*(AC19/SQRT(V19+Y19))/SQRT(1-(AC19/SQRT(V19+Y19))^2)*AD19,IF(AB19="t_paired",AC19/SQRT(V19)*AD19,""))))),"") -> -0.5905973 | AF19: =IF(AE19="","",IF(AB19="t_paired",1-3/(4*(V19-1)-1),1-3/(4*(V19+Y19)-9))) -> 0.98522167 | AG19: =IF(AE19="","",AE19*AF19) -> -0.58186926 | AH19: =IF(AG19="","",IF(AB19="t_paired",1/V19+AG19^2/(2*V19),(V19+Y19)/(V19*Y19)+AG19^2/(2*(V19+Y19)))) -> 0.080005668 | AI19: =IF(AH19="","",SQRT(AH19)) -> 0.28285273 | AJ19: =IF(AI19="","",AG19-1.96*AI19) -> -1.1362606 | AK19: =IF(AI19="","",AG19+1.96*AI19) -> -0.027477909 | AL19: =IF(AI19="","",AG19/AI19) -> -2.0571456 | AM19: =IF(AL19="","",2*(1-NORMSDIST(ABS(AL19)))) -> 0.039672219 | AN19: =IF(COUNT(V19)=0,"",IF(AB19="t_paired",V19,V19+N(Y19))) -> 53 | AO19: =IF(AH19="","",1/AH19) -> 12.499114 | AP19: Y | AQ19: Very_New_Cognitive_Higher_Edcn_Effect_Size.xlsx | AR19: Same data also in WB5: 'Students' Perormance' (uncoded) | AS19: =IF(AND(AP19="Y",ISNUMBER(AO19)),AO19,0) -> 12.499114 | AT19: =IF(AS19>0,AS19*AG19,0) -> -7.2728505 | AU19: =IF(AS19>0,AS19*AG19^2,0) -> 4.2318482 | AV19: =IF(AS19>0,AS19^2,0) -> 156.22786 | AW19: =IF(AS19>0,AG19,0) -> -0.58186926 | AX19: =IF(AS19>0,AH19,1) -> 0.080005668
A20: ES019 | B20: S005 | C20: Bachiri et al. (2023) | D20: 2023 | E20: Morocco | F20: Primary education | G20: STEM | H20: Generative AI (LLM-based) | I20: Generative AI | J20: Yes | K20: Two-group comparison (per source workbook; verify design) | L20: Control group (per source workbook) | M20: 3 | O20: 1 week to 1 month | P20: Cognitive | Q20: Skill-based outcome | S20: Learning engagement | T20: Automatic Questions Generation method | U20: Pre-test | V20: 50 | W20: 70.5 | X20: 7.8 | Y20: 50 | Z20: 70.1 | AA20: 8.2 | AB20: MSD | AD20: 1 | AE20: =IFERROR(IF(AB20="MSD",IF(COUNT(V20,W20,X20,Y20,Z20,AA20)<6,"",(W20-Z20)/SQRT(((V20-1)*X20^2+(Y20-1)*AA20^2)/(V20+Y20-2))*AD20),IF(AB20="t",AC20*SQRT(1/V20+1/Y20)*AD20,IF(AB20="F",SQRT(AC20)*SQRT(1/V20+1/Y20)*AD20,IF(AB20="z",2*(AC20/SQRT(V20+Y20))/SQRT(1-(AC20/SQRT(V20+Y20))^2)*AD20,IF(AB20="t_paired",AC20/SQRT(V20)*AD20,""))))),"") -> 0.049984382 | AF20: =IF(AE20="","",IF(AB20="t_paired",1-3/(4*(V20-1)-1),1-3/(4*(V20+Y20)-9))) -> 0.99232737 | AG20: =IF(AE20="","",AE20*AF20) -> 0.04960087 | AH20: =IF(AG20="","",IF(AB20="t_paired",1/V20+AG20^2/(2*V20),(V20+Y20)/(V20*Y20)+AG20^2/(2*(V20+Y20)))) -> 0.040012301 | AI20: =IF(AH20="","",SQRT(AH20)) -> 0.20003075 | AJ20: =IF(AI20="","",AG20-1.96*AI20) -> -0.3424594 | AK20: =IF(AI20="","",AG20+1.96*AI20) -> 0.44166114 | AL20: =IF(AI20="","",AG20/AI20) -> 0.24796623 | AM20: =IF(AL20="","",2*(1-NORMSDIST(ABS(AL20)))) -> 0.80416054 | AN20: =IF(COUNT(V20)=0,"",IF(AB20="t_paired",V20,V20+N(Y20))) -> 100 | AO20: =IF(AH20="","",1/AH20) -> 24.992314 | AP20: N | AQ20: Raw_Data_ES_Meta_Analysis_Study_2.xlsx | AR20: Same data also in WB2: 'Intrinsic motivation' (Curiosity; Epistemic curiosity) | AS20: =IF(AND(AP20="Y",ISNUMBER(AO20)),AO20,0) -> 0 | AT20: =IF(AS20>0,AS20*AG20,0) -> 0 | AU20: =IF(AS20>0,AS20*AG20^2,0) -> 0 | AV20: =IF(AS20>0,AS20^2,0) -> 0 | AW20: =IF(AS20>0,AG20,0) -> 0 | AX20: =IF(AS20>0,AH20,1) -> 1
A21: ES020 | B21: S005 | C21: Bachiri et al. (2023) | D21: 2023 | E21: Morocco | F21: Primary education | G21: STEM | H21: Generative AI (LLM-based) | I21: Generative AI | J21: Yes | K21: Two-group comparison (per source workbook; verify design) | L21: Control group (per source workbook) | M21: 3 | O21: 1 week to 1 month | P21: Cognitive | Q21: Skill-based outcome | S21: Learning engagement | T21: Automatic Questions Generation method | U21: Post-test | V21: 50 | W21: 85.4 | X21: 5.6 | Y21: 50 | Z21: 76.3 | AA21: 7.9 | AB21: MSD | AD21: 1 | AE21: =IFERROR(IF(AB21="MSD",IF(COUNT(V21,W21,X21,Y21,Z21,AA21)<6,"",(W21-Z21)/SQRT(((V21-1)*X21^2+(Y21-1)*AA21^2)/(V21+Y21-2))*AD21),IF(AB21="t",AC21*SQRT(1/V21+1/Y21)*AD21,IF(AB21="F",SQRT(AC21)*SQRT(1/V21+1/Y21)*AD21,IF(AB21="z",2*(AC21/SQRT(V21+Y21))/SQRT(1-(AC21/SQRT(V21+Y21))^2)*AD21,IF(AB21="t_paired",AC21/SQRT(V21)*AD21,""))))),"") -> 1.3289983 | AF21: =IF(AE21="","",IF(AB21="t_paired",1-3/(4*(V21-1)-1),1-3/(4*(V21+Y21)-9))) -> 0.99232737 | AG21: =IF(AE21="","",AE21*AF21) -> 1.3188014 | AH21: =IF(AG21="","",IF(AB21="t_paired",1/V21+AG21^2/(2*V21),(V21+Y21)/(V21*Y21)+AG21^2/(2*(V21+Y21)))) -> 0.048696186 | AI21: =IF(AH21="","",SQRT(AH21)) -> 0.22067212 | AJ21: =IF(AI21="","",AG21-1.96*AI21) -> 0.88628404 | AK21: =IF(AI21="","",AG21+1.96*AI21) -> 1.7513188 | AL21: =IF(AI21="","",AG21/AI21) -> 5.9762936 | AM21: =IF(AL21="","",2*(1-NORMSDIST(ABS(AL21)))) -> 2.2827138e-09 | AN21: =IF(COUNT(V21)=0,"",IF(AB21="t_paired",V21,V21+N(Y21))) -> 100 | AO21: =IF(AH21="","",1/AH21) -> 20.535489 | AP21: Y | AQ21: Raw_Data_ES_Meta_Analysis_Study_2.xlsx | AR21: Same data also in WB2: 'Intrinsic motivation' (Curiosity; Epistemic curiosity) | AS21: =IF(AND(AP21="Y",ISNUMBER(AO21)),AO21,0) -> 20.535489 | AT21: =IF(AS21>0,AS21*AG21,0) -> 27.082232 | AU21: =IF(AS21>0,AS21*AG21^2,0) -> 35.716086 | AV21: =IF(AS21>0,AS21^2,0) -> 421.70632 | AW21: =IF(AS21>0,AG21,0) -> 1.3188014 | AX21: =IF(AS21>0,AH21,1) -> 0.048696186
A22: ES021 | B22: S006 | C22: Baha et al. (2023) | D22: 2023 | E22: Morocco | F22: Not reported in source workbook (verify) | G22: Not reported in source workbook | H22: Conversational AI / chatbot | I22: Chatbot | J22: Not reported | K22: Two-group comparison (per source workbook; verify design) | L22: Control group (per source workbook) | N22: 120 | O22: Not reported | P22: Cognitive | Q22: Knowledge-based outcome | S22: Learning gain | T22: Quiz | U22: Post-test | V22: 34 | W22: 10.97 | X22: 4.03 | Y22: 38 | Z22: 10.5 | AA22: 3.34 | AB22: MSD | AD22: 1 | AE22: =IFERROR(IF(AB22="MSD",IF(COUNT(V22,W22,X22,Y22,Z22,AA22)<6,"",(W22-Z22)/SQRT(((V22-1)*X22^2+(Y22-1)*AA22^2)/(V22+Y22-2))*AD22),IF(AB22="t",AC22*SQRT(1/V22+1/Y22)*AD22,IF(AB22="F",SQRT(AC22)*SQRT(1/V22+1/Y22)*AD22,IF(AB22="z",2*(AC22/SQRT(V22+Y22))/SQRT(1-(AC22/SQRT(V22+Y22))^2)*AD22,IF(AB22="t_paired",AC22/SQRT(V22)*AD22,""))))),"") -> 0.12766765 | AF22: =IF(AE22="","",IF(AB22="t_paired",1-3/(4*(V22-1)-1),1-3/(4*(V22+Y22)-9))) -> 0.98924731 | AG22: =IF(AE22="","",AE22*AF22) -> 0.12629487 | AH22: =IF(AG22="","",IF(AB22="t_paired",1/V22+AG22^2/(2*V22),(V22+Y22)/(V22*Y22)+AG22^2/(2*(V22+Y22)))) -> 0.055838321 | AI22: =IF(AH22="","",SQRT(AH22)) -> 0.23630133 | AJ22: =IF(AI22="","",AG22-1.96*AI22) -> -0.33685574 | AK22: =IF(AI22="","",AG22+1.96*AI22) -> 0.58944549 | AL22: =IF(AI22="","",AG22/AI22) -> 0.53446535 | AM22: =IF(AL22="","",2*(1-NORMSDIST(ABS(AL22)))) -> 0.59301962 | AN22: =IF(COUNT(V22)=0,"",IF(AB22="t_paired",V22,V22+N(Y22))) -> 72 | AO22: =IF(AH22="","",1/AH22) -> 17.908848 | AP22: Y | AQ22: Raw_Data_ES_Meta_Analysis_Study_2.xlsx | AS22: =IF(AND(AP22="Y",ISNUMBER(AO22)),AO22,0) -> 17.908848 | AT22: =IF(AS22>0,AS22*AG22,0) -> 2.2617957 | AU22: =IF(AS22>0,AS22*AG22^2,0) -> 0.28565321 | AV22: =IF(AS22>0,AS22^2,0) -> 320.72684 | AW22: =IF(AS22>0,AG22,0) -> 0.12629487 | AX22: =IF(AS22>0,AH22,1) -> 0.055838321
A23: ES022 | B23: S007 | C23: Chang et al. (2022) | D23: 2022 | E23: Taiwan | F23: Higher education | G23: Not reported in source workbook | H23: Conversational AI / chatbot | I23: Conversational AI | J23: Not reported | K23: Two-group comparison (per source workbook; verify design) | L23: Control group (per source workbook) | M23: 1(4) | N23: 50 | O23: 1 week to 1 month | P23: Cognitive | Q23: Higher-order thinking skills | S23: Critical thinking | U23: Post-test | V23: 16 | W23: 4.07 | X23: 0.65 | Y23: 16 | Z23: 2.83 | AA23: 0.68 | AB23: MSD | AD23: 1 | AE23: =IFERROR(IF(AB23="MSD",IF(COUNT(V23,W23,X23,Y23,Z23,AA23)<6,"",(W23-Z23)/SQRT(((V23-1)*X23^2+(Y23-1)*AA23^2)/(V23+Y23-2))*AD23),IF(AB23="t",AC23*SQRT(1/V23+1/Y23)*AD23,IF(AB23="F",SQRT(AC23)*SQRT(1/V23+1/Y23)*AD23,IF(AB23="z",2*(AC23/SQRT(V23+Y23))/SQRT(1-(AC23/SQRT(V23+Y23))^2)*AD23,IF(AB23="t_paired",AC23/SQRT(V23)*AD23,""))))),"") -> 1.8641875 | AF23: =IF(AE23="","",IF(AB23="t_paired",1-3/(4*(V23-1)-1),1-3/(4*(V23+Y23)-9))) -> 0.97478992 | AG23: =IF(AE23="","",AE23*AF23) -> 1.8171912 | AH23: =IF(AG23="","",IF(AB23="t_paired",1/V23+AG23^2/(2*V23),(V23+Y23)/(V23*Y23)+AG23^2/(2*(V23+Y23)))) -> 0.17659662 | AI23: =IF(AH23="","",SQRT(AH23)) -> 0.42023401 | AJ23: =IF(AI23="","",AG23-1.96*AI23) -> 0.9935325 | AK23: =IF(AI23="","",AG23+1.96*AI23) -> 2.6408498 | AL23: =IF(AI23="","",AG23/AI23) -> 4.3242363 | AM23: =IF(AL23="","",2*(1-NORMSDIST(ABS(AL23)))) -> 1.5306116e-05 | AN23: =IF(COUNT(V23)=0,"",IF(AB23="t_paired",V23,V23+N(Y23))) -> 32 | AO23: =IF(AH23="","",1/AH23) -> 5.6626225 | AP23: Y | AQ23: E.S_File_Meta_Analysis_.xlsx | AS23: =IF(AND(AP23="Y",ISNUMBER(AO23)),AO23,0) -> 5.6626225 | AT23: =IF(AS23>0,AS23*AG23,0) -> 10.290068 | AU23: =IF(AS23>0,AS23*AG23^2,0) -> 18.69902 | AV23: =IF(AS23>0,AS23^2,0) -> 32.065294 | AW23: =IF(AS23>0,AG23,0) -> 1.8171912 | AX23: =IF(AS23>0,AH23,1) -> 0.17659662
A24: ES023 | B24: S007 | C24: Chang et al. (2022) | D24: 2022 | E24: Taiwan | F24: Higher education | G24: Not reported in source workbook | H24: Conversational AI / chatbot | I24: Conversational AI | J24: Not reported | K24: Two-group comparison (per source workbook; verify design) | L24: Control group (per source workbook) | M24: 1(4) | N24: 50 | O24: 1 week to 1 month | P24: Cognitive | Q24: Knowledge-based outcome | S24: Learning achievement | T24: Achievement test | U24: Post-test | V24: 16 | W24: 87.9 | X24: 11.3 | Y24: 16 | Z24: 62.32 | AA24: 14.95 | AB24: MSD | AD24: 1 | AE24: =IFERROR(IF(AB24="MSD",IF(COUNT(V24,W24,X24,Y24,Z24,AA24)<6,"",(W24-Z24)/SQRT(((V24-1)*X24^2+(Y24-1)*AA24^2)/(V24+Y24-2))*AD24),IF(AB24="t",AC24*SQRT(1/V24+1/Y24)*AD24,IF(AB24="F",SQRT(AC24)*SQRT(1/V24+1/Y24)*AD24,IF(AB24="z",2*(AC24/SQRT(V24+Y24))/SQRT(1-(AC24/SQRT(V24+Y24))^2)*AD24,IF(AB24="t_paired",AC24/SQRT(V24)*AD24,""))))),"") -> 1.9303805 | AF24: =IF(AE24="","",IF(AB24="t_paired",1-3/(4*(V24-1)-1),1-3/(4*(V24+Y24)-9))) -> 0.97478992 | AG24: =IF(AE24="","",AE24*AF24) -> 1.8817154 | AH24: =IF(AG24="","",IF(AB24="t_paired",1/V24+AG24^2/(2*V24),(V24+Y24)/(V24*Y24)+AG24^2/(2*(V24+Y24)))) -> 0.18032583 | AI24: =IF(AH24="","",SQRT(AH24)) -> 0.42464789 | AJ24: =IF(AI24="","",AG24-1.96*AI24) -> 1.0494056 | AK24: =IF(AI24="","",AG24+1.96*AI24) -> 2.7140253 | AL24: =IF(AI24="","",AG24/AI24) -> 4.431237 | AM24: =IF(AL24="","",2*(1-NORMSDIST(ABS(AL24)))) -> 9.3694026e-06 | AN24: =IF(COUNT(V24)=0,"",IF(AB24="t_paired",V24,V24+N(Y24))) -> 32 | AO24: =IF(AH24="","",1/AH24) -> 5.5455173 | AP24: Y | AQ24: Very_New_Cognitive_Higher_Edcn_Effect_Size.xlsx | AR24: Same data also in WB5: 'Learning achievement' (uncoded) | AS24: =IF(AND(AP24="Y",ISNUMBER(AO24)),AO24,0) -> 5.5455173 | AT24: =IF(AS24>0,AS24*AG24,0) -> 10.435086 | AU24: =IF(AS24>0,AS24*AG24^2,0) -> 19.635862 | AV24: =IF(AS24>0,AS24^2,0) -> 30.752762 | AW24: =IF(AS24>0,AG24,0) -> 1.8817154 | AX24: =IF(AS24>0,AH24,1) -> 0.18032583
A25: ES024 | B25: S008 | C25: Chang et al. (2022) | D25: 2022 | E25: Taiwan | F25: Higher education | G25: Not reported in source workbook | H25: Conversational AI / chatbot | I25: Conversational AI | J25: Not reported | K25: Two-group comparison (per source workbook; verify design) | L25: Control group (per source workbook) | M25: 2 | N25: 200 | O25: 1 week to 1 month | P25: Cognitive | Q25: Knowledge-based outcome | S25: Learning achievement | T25: Knowledge test | U25: Post-test | V25: 18 | W25: 88.58 | X25: 11.02 | Y25: 18 | Z25: 60.51 | AA25: 15.01 | AB25: MSD | AD25: 1 | AE25: =IFERROR(IF(AB25="MSD",IF(COUNT(V25,W25,X25,Y25,Z25,AA25)<6,"",(W25-Z25)/SQRT(((V25-1)*X25^2+(Y25-1)*AA25^2)/(V25+Y25-2))*AD25),IF(AB25="t",AC25*SQRT(1/V25+1/Y25)*AD25,IF(AB25="F",SQRT(AC25)*SQRT(1/V25+1/Y25)*AD25,IF(AB25="z",2*(AC25/SQRT(V25+Y25))/SQRT(1-(AC25/SQRT(V25+Y25))^2)*AD25,IF(AB25="t_paired",AC25/SQRT(V25)*AD25,""))))),"") -> 2.1318425 | AF25: =IF(AE25="","",IF(AB25="t_paired",1-3/(4*(V25-1)-1),1-3/(4*(V25+Y25)-9))) -> 0.97777778 | AG25: =IF(AE25="","",AE25*AF25) -> 2.0844683 | AH25: =IF(AG25="","",IF(AB25="t_paired",1/V25+AG25^2/(2*V25),(V25+Y25)/(V25*Y25)+AG25^2/(2*(V25+Y25)))) -> 0.17145844 | AI25: =IF(AH25="","",SQRT(AH25)) -> 0.41407541 | AJ25: =IF(AI25="","",AG25-1.96*AI25) -> 1.2728805 | AK25: =IF(AI25="","",AG25+1.96*AI25) -> 2.8960561 | AL25: =IF(AI25="","",AG25/AI25) -> 5.0340306 | AM25: =IF(AL25="","",2*(1-NORMSDIST(ABS(AL25)))) -> 4.8027302e-07 | AN25: =IF(COUNT(V25)=0,"",IF(AB25="t_paired",V25,V25+N(Y25))) -> 36 | AO25: =IF(AH25="","",1/AH25) -> 5.832317 | AP25: Y | AQ25: Very_New_Cognitive_Higher_Edcn_Effect_Size.xlsx | AR25: Same data also in WB5: 'Learning achievement' (uncoded) | AS25: =IF(AND(AP25="Y",ISNUMBER(AO25)),AO25,0) -> 5.832317 | AT25: =IF(AS25>0,AS25*AG25,0) -> 12.15728 | AU25: =IF(AS25>0,AS25*AG25^2,0) -> 25.341464 | AV25: =IF(AS25>0,AS25^2,0) -> 34.015922 | AW25: =IF(AS25>0,AG25,0) -> 2.0844683 | AX25: =IF(AS25>0,AH25,1) -> 0.17145844
A26: ES025 | B26: S009 | C26: Chen and Chang (2024) | D26: 2024 | E26: China | F26: Secondary education | G26: STEM | H26: Generative AI (LLM-based) | I26: Generative AI | J26: No | K26: Two-group comparison (per source workbook; verify design) | L26: Control group (per source workbook) | M26: 2 (10) | N26: 60 | O26: 1 week to 1 month | P26: Cognitive | Q26: Skill-based outcome | S26: Learning achievement | T26: Knowledge test | U26: Pre-test | V26: 69 | W26: 41.21 | X26: 12.14 | Y26: 70 | Z26: 41.78 | AA26: 13.52 | AB26: MSD | AD26: 1 | AE26: =IFERROR(IF(AB26="MSD",IF(COUNT(V26,W26,X26,Y26,Z26,AA26)<6,"",(W26-Z26)/SQRT(((V26-1)*X26^2+(Y26-1)*AA26^2)/(V26+Y26-2))*AD26),IF(AB26="t",AC26*SQRT(1/V26+1/Y26)*AD26,IF(AB26="F",SQRT(AC26)*SQRT(1/V26+1/Y26)*AD26,IF(AB26="z",2*(AC26/SQRT(V26+Y26))/SQRT(1-(AC26/SQRT(V26+Y26))^2)*AD26,IF(AB26="t_paired",AC26/SQRT(V26)*AD26,""))))),"") -> -0.04434566 | AF26: =IF(AE26="","",IF(AB26="t_paired",1-3/(4*(V26-1)-1),1-3/(4*(V26+Y26)-9))) -> 0.99451554 | AG26: =IF(AE26="","",AE26*AF26) -> -0.044102448 | AH26: =IF(AG26="","",IF(AB26="t_paired",1/V26+AG26^2/(2*V26),(V26+Y26)/(V26*Y26)+AG26^2/(2*(V26+Y26)))) -> 0.028785464 | AI26: =IF(AH26="","",SQRT(AH26)) -> 0.1696628 | AJ26: =IF(AI26="","",AG26-1.96*AI26) -> -0.37664153 | AK26: =IF(AI26="","",AG26+1.96*AI26) -> 0.28843663 | AL26: =IF(AI26="","",AG26/AI26) -> -0.25994177 | AM26: =IF(AL26="","",2*(1-NORMSDIST(ABS(AL26)))) -> 0.79490869 | AN26: =IF(COUNT(V26)=0,"",IF(AB26="t_paired",V26,V26+N(Y26))) -> 139 | AO26: =IF(AH26="","",1/AH26) -> 34.739756 | AP26: N | AQ26: Raw_Data_ES_Meta_Analysis_Study_2.xlsx | AS26: =IF(AND(AP26="Y",ISNUMBER(AO26)),AO26,0) -> 0 | AT26: =IF(AS26>0,AS26*AG26,0) -> 0 | AU26: =IF(AS26>0,AS26*AG26^2,0) -> 0 | AV26: =IF(AS26>0,AS26^2,0) -> 0 | AW26: =IF(AS26>0,AG26,0) -> 0 | AX26: =IF(AS26>0,AH26,1) -> 1
A27: ES026 | B27: S009 | C27: Chen and Chang (2024) | D27: 2024 | E27: China | F27: Secondary education | G27: STEM | H27: Generative AI (LLM-based) | I27: Generative AI | J27: No | K27: Two-group comparison (per source workbook; verify design) | L27: Control group (per source workbook) | M27: 2 (10) | N27: 60 | O27: 1 week to 1 month | P27: Cognitive | Q27: Skill-based outcome | S27: Learning achievement | T27: Knowledge test | U27: Post-test | V27: 69 | W27: 49.06 | X27: 13.82 | Y27: 70 | Z27: 44.46 | AA27: 13.64 | AB27: MSD | AD27: 1 | AE27: =IFERROR(IF(AB27="MSD",IF(COUNT(V27,W27,X27,Y27,Z27,AA27)<6,"",(W27-Z27)/SQRT(((V27-1)*X27^2+(Y27-1)*AA27^2)/(V27+Y27-2))*AD27),IF(AB27="t",AC27*SQRT(1/V27+1/Y27)*AD27,IF(AB27="F",SQRT(AC27)*SQRT(1/V27+1/Y27)*AD27,IF(AB27="z",2*(AC27/SQRT(V27+Y27))/SQRT(1-(AC27/SQRT(V27+Y27))^2)*AD27,IF(AB27="t_paired",AC27/SQRT(V27)*AD27,""))))),"") -> 0.33504161 | AF27: =IF(AE27="","",IF(AB27="t_paired",1-3/(4*(V27-1)-1),1-3/(4*(V27+Y27)-9))) -> 0.99451554 | AG27: =IF(AE27="","",AE27*AF27) -> 0.33320409 | AH27: =IF(AG27="","",IF(AB27="t_paired",1/V27+AG27^2/(2*V27),(V27+Y27)/(V27*Y27)+AG27^2/(2*(V27+Y27)))) -> 0.029177838 | AI27: =IF(AH27="","",SQRT(AH27)) -> 0.17081522 | AJ27: =IF(AI27="","",AG27-1.96*AI27) -> -0.0015937397 | AK27: =IF(AI27="","",AG27+1.96*AI27) -> 0.66800191 | AL27: =IF(AI27="","",AG27/AI27) -> 1.9506698 | AM27: =IF(AL27="","",2*(1-NORMSDIST(ABS(AL27)))) -> 0.051096338 | AN27: =IF(COUNT(V27)=0,"",IF(AB27="t_paired",V27,V27+N(Y27))) -> 139 | AO27: =IF(AH27="","",1/AH27) -> 34.272587 | AP27: Y | AQ27: Raw_Data_ES_Meta_Analysis_Study_2.xlsx | AS27: =IF(AND(AP27="Y",ISNUMBER(AO27)),AO27,0) -> 34.272587 | AT27: =IF(AS27>0,AS27*AG27,0) -> 11.419766 | AU27: =IF(AS27>0,AS27*AG27^2,0) -> 3.8051127 | AV27: =IF(AS27>0,AS27^2,0) -> 1174.6102 | AW27: =IF(AS27>0,AG27,0) -> 0.33320409 | AX27: =IF(AS27>0,AH27,1) -> 0.029177838
A28: ES027 | B28: S009 | C28: Chen and Chang (2024) | D28: 2024 | E28: China | F28: Secondary education | G28: STEM | H28: Generative AI (LLM-based) | I28: Generative AI | J28: No | K28: Two-group comparison (per source workbook; verify design) | L28: Control group (per source workbook) | M28: 2 (10) | N28: 60 | O28: 1 week to 1 month | P28: Non-cognitive | Q28: Curiosity | R28: Epistemic curiosity | S28: Interest | T28: Knowledge test | U28: Post-test | V28: 69 | W28: 2.69 | X28: 1.05 | Y28: 70 | Z28: 2.64 | AA28: 1.15 | AB28: MSD | AD28: 1 | AE28: =IFERROR(IF(AB28="MSD",IF(COUNT(V28,W28,X28,Y28,Z28,AA28)<6,"",(W28-Z28)/SQRT(((V28-1)*X28^2+(Y28-1)*AA28^2)/(V28+Y28-2))*AD28),IF(AB28="t",AC28*SQRT(1/V28+1/Y28)*AD28,IF(AB28="F",SQRT(AC28)*SQRT(1/V28+1/Y28)*AD28,IF(AB28="z",2*(AC28/SQRT(V28+Y28))/SQRT(1-(AC28/SQRT(V28+Y28))^2)*AD28,IF(AB28="t_paired",AC28/SQRT(V28)*AD28,""))))),"") -> 0.045392634 | AF28: =IF(AE28="","",IF(AB28="t_paired",1-3/(4*(V28-1)-1),1-3/(4*(V28+Y28)-9))) -> 0.99451554 | AG28: =IF(AE28="","",AE28*AF28) -> 0.04514368 | AH28: =IF(AG28="","",IF(AB28="t_paired",1/V28+AG28^2/(2*V28),(V28+Y28)/(V28*Y28)+AG28^2/(2*(V28+Y28)))) -> 0.028785799 | AI28: =IF(AH28="","",SQRT(AH28)) -> 0.16966378 | AJ28: =IF(AI28="","",AG28-1.96*AI28) -> -0.28739733 | AK28: =IF(AI28="","",AG28+1.96*AI28) -> 0.37768469 | AL28: =IF(AI28="","",AG28/AI28) -> 0.26607729 | AM28: =IF(AL28="","",2*(1-NORMSDIST(ABS(AL28)))) -> 0.79017968 | AN28: =IF(COUNT(V28)=0,"",IF(AB28="t_paired",V28,V28+N(Y28))) -> 139 | AO28: =IF(AH28="","",1/AH28) -> 34.739352 | AP28: Y | AQ28: Extracted_Data_AI_agents_Learner_curiosity.xlsx | AS28: =IF(AND(AP28="Y",ISNUMBER(AO28)),AO28,0) -> 34.739352 | AT28: =IF(AS28>0,AS28*AG28,0) -> 1.5682622 | AU28: =IF(AS28>0,AS28*AG28^2,0) -> 0.070797126 | AV28: =IF(AS28>0,AS28^2,0) -> 1206.8226 | AW28: =IF(AS28>0,AG28,0) -> 0.04514368 | AX28: =IF(AS28>0,AH28,1) -> 0.028785799
A29: ES028 | B29: S010 | C29: Chen and Liu (2024) | D29: 2024 | E29: China | F29: Secondary education | G29: STEM | H29: Conversational AI / chatbot | I29: Conversational AI | J29: Yes | K29: Two-group comparison (per source workbook; verify design) | L29: Control group (per source workbook) | M29: 2 | N29: 135 | O29: 1 week to 1 month | P29: Cognitive | Q29: Skill-based outcome | S29: Students’ performance | T29: Diagnostic Test | U29: Pre-test | V29: 41 | W29: 0.56 | X29: 0.84 | Y29: 40 | Z29: 0.55 | AA29: 0.87 | AB29: MSD | AD29: 1 | AE29: =IFERROR(IF(AB29="MSD",IF(COUNT(V29,W29,X29,Y29,Z29,AA29)<6,"",(W29-Z29)/SQRT(((V29-1)*X29^2+(Y29-1)*AA29^2)/(V29+Y29-2))*AD29),IF(AB29="t",AC29*SQRT(1/V29+1/Y29)*AD29,IF(AB29="F",SQRT(AC29)*SQRT(1/V29+1/Y29)*AD29,IF(AB29="z",2*(AC29/SQRT(V29+Y29))/SQRT(1-(AC29/SQRT(V29+Y29))^2)*AD29,IF(AB29="t_paired",AC29/SQRT(V29)*AD29,""))))),"") -> 0.011696704 | AF29: =IF(AE29="","",IF(AB29="t_paired",1-3/(4*(V29-1)-1),1-3/(4*(V29+Y29)-9))) -> 0.99047619 | AG29: =IF(AE29="","",AE29*AF29) -> 0.011585307 | AH29: =IF(AG29="","",IF(AB29="t_paired",1/V29+AG29^2/(2*V29),(V29+Y29)/(V29*Y29)+AG29^2/(2*(V29+Y29)))) -> 0.049391072 | AI29: =IF(AH29="","",SQRT(AH29)) -> 0.22224102 | AJ29: =IF(AI29="","",AG29-1.96*AI29) -> -0.4240071 | AK29: =IF(AI29="","",AG29+1.96*AI29) -> 0.44717771 | AL29: =IF(AI29="","",AG29/AI29) -> 0.05212947 | AM29: =IF(AL29="","",2*(1-NORMSDIST(ABS(AL29)))) -> 0.95842553 | AN29: =IF(COUNT(V29)=0,"",IF(AB29="t_paired",V29,V29+N(Y29))) -> 81 | AO29: =IF(AH29="","",1/AH29) -> 20.246574 | AP29: N | AQ29: Raw_Data_ES_Meta_Analysis_Study_2.xlsx | AS29: =IF(AND(AP29="Y",ISNUMBER(AO29)),AO29,0) -> 0 | AT29: =IF(AS29>0,AS29*AG29,0) -> 0 | AU29: =IF(AS29>0,AS29*AG29^2,0) -> 0 | AV29: =IF(AS29>0,AS29^2,0) -> 0 | AW29: =IF(AS29>0,AG29,0) -> 0 | AX29: =IF(AS29>0,AH29,1) -> 1
A30: ES029 | B30: S010 | C30: Chen and Liu (2024) | D30: 2024 | E30: China | F30: Secondary education | G30: STEM | H30: Conversational AI / chatbot | I30: Conversational AI | J30: Yes | K30: Two-group comparison (per source workbook; verify design) | L30: Control group (per source workbook) | M30: 2 | N30: 135 | O30: 1 week to 1 month | P30: Cognitive | Q30: Skill-based outcome | S30: Students’ performance | T30: Diagnostic Test | U30: Post-test | V30: 41 | W30: 4.15 | X30: 1.01 | Y30: 40 | Z30: 2.8 | AA30: 2.04 | AB30: MSD | AD30: 1 | AE30: =IFERROR(IF(AB30="MSD",IF(COUNT(V30,W30,X30,Y30,Z30,AA30)<6,"",(W30-Z30)/SQRT(((V30-1)*X30^2+(Y30-1)*AA30^2)/(V30+Y30-2))*AD30),IF(AB30="t",AC30*SQRT(1/V30+1/Y30)*AD30,IF(AB30="F",SQRT(AC30)*SQRT(1/V30+1/Y30)*AD30,IF(AB30="z",2*(AC30/SQRT(V30+Y30))/SQRT(1-(AC30/SQRT(V30+Y30))^2)*AD30,IF(AB30="t_paired",AC30/SQRT(V30)*AD30,""))))),"") -> 0.84194847 | AF30: =IF(AE30="","",IF(AB30="t_paired",1-3/(4*(V30-1)-1),1-3/(4*(V30+Y30)-9))) -> 0.99047619 | AG30: =IF(AE30="","",AE30*AF30) -> 0.83392991 | AH30: =IF(AG30="","",IF(AB30="t_paired",1/V30+AG30^2/(2*V30),(V30+Y30)/(V30*Y30)+AG30^2/(2*(V30+Y30)))) -> 0.053683078 | AI30: =IF(AH30="","",SQRT(AH30)) -> 0.23169609 | AJ30: =IF(AI30="","",AG30-1.96*AI30) -> 0.37980557 | AK30: =IF(AI30="","",AG30+1.96*AI30) -> 1.2880542 | AL30: =IF(AI30="","",AG30/AI30) -> 3.5992403 | AM30: =IF(AL30="","",2*(1-NORMSDIST(ABS(AL30)))) -> 0.00031914814 | AN30: =IF(COUNT(V30)=0,"",IF(AB30="t_paired",V30,V30+N(Y30))) -> 81 | AO30: =IF(AH30="","",1/AH30) -> 18.627844 | AP30: Y | AQ30: Raw_Data_ES_Meta_Analysis_Study_2.xlsx | AS30: =IF(AND(AP30="Y",ISNUMBER(AO30)),AO30,0) -> 18.627844 | AT30: =IF(AS30>0,AS30*AG30,0) -> 15.534316 | AU30: =IF(AS30>0,AS30*AG30^2,0) -> 12.954531 | AV30: =IF(AS30>0,AS30^2,0) -> 346.99657 | AW30: =IF(AS30>0,AG30,0) -> 0.83392991 | AX30: =IF(AS30>0,AH30,1) -> 0.053683078
A31: ES030 | B31: S010 | C31: Chen and Liu (2024) | D31: 2024 | E31: China | F31: Secondary education | G31: STEM | H31: Conversational AI / chatbot | I31: Conversational AI | J31: Yes | K31: Two-group comparison (per source workbook; verify design) | L31: Control group (per source workbook) | M31: 2 | N31: 135 | O31: 1 week to 1 month | P31: Non-cognitive | Q31: Curiosity | R31: Epistemic curiosity | S31: Intrinsic motivation | T31: Diagnostic Test | U31: Pre-test | V31: 41 | W31: 63 | X31: 7.37 | Y31: 40 | Z31: 63.55 | AA31: 9.816 | AB31: MSD | AD31: 1 | AE31: =IFERROR(IF(AB31="MSD",IF(COUNT(V31,W31,X31,Y31,Z31,AA31)<6,"",(W31-Z31)/SQRT(((V31-1)*X31^2+(Y31-1)*AA31^2)/(V31+Y31-2))*AD31),IF(AB31="t",AC31*SQRT(1/V31+1/Y31)*AD31,IF(AB31="F",SQRT(AC31)*SQRT(1/V31+1/Y31)*AD31,IF(AB31="z",2*(AC31/SQRT(V31+Y31))/SQRT(1-(AC31/SQRT(V31+Y31))^2)*AD31,IF(AB31="t_paired",AC31/SQRT(V31)*AD31,""))))),"") -> -0.0634792 | AF31: =IF(AE31="","",IF(AB31="t_paired",1-3/(4*(V31-1)-1),1-3/(4*(V31+Y31)-9))) -> 0.99047619 | AG31: =IF(AE31="","",AE31*AF31) -> -0.062874636 | AH31: =IF(AG31="","",IF(AB31="t_paired",1/V31+AG31^2/(2*V31),(V31+Y31)/(V31*Y31)+AG31^2/(2*(V31+Y31)))) -> 0.049414646 | AI31: =IF(AH31="","",SQRT(AH31)) -> 0.22229405 | AJ31: =IF(AI31="","",AG31-1.96*AI31) -> -0.49857098 | AK31: =IF(AI31="","",AG31+1.96*AI31) -> 0.37282171 | AL31: =IF(AI31="","",AG31/AI31) -> -0.28284444 | AM31: =IF(AL31="","",2*(1-NORMSDIST(ABS(AL31)))) -> 0.77729609 | AN31: =IF(COUNT(V31)=0,"",IF(AB31="t_paired",V31,V31+N(Y31))) -> 81 | AO31: =IF(AH31="","",1/AH31) -> 20.236915 | AP31: N | AQ31: Extracted_Data_AI_agents_Learner_curiosity.xlsx | AS31: =IF(AND(AP31="Y",ISNUMBER(AO31)),AO31,0) -> 0 | AT31: =IF(AS31>0,AS31*AG31,0) -> 0 | AU31: =IF(AS31>0,AS31*AG31^2,0) -> 0 | AV31: =IF(AS31>0,AS31^2,0) -> 0 | AW31: =IF(AS31>0,AG31,0) -> 0 | AX31: =IF(AS31>0,AH31,1) -> 1
A32: ES031 | B32: S010 | C32: Chen and Liu (2024) | D32: 2024 | E32: China | F32: Secondary education | G32: STEM | H32: Conversational AI / chatbot | I32: Conversational AI | J32: Yes | K32: Two-group comparison (per source workbook; verify design) | L32: Control group (per source workbook) | M32: 2 | N32: 135 | O32: 1 week to 1 month | P32: Non-cognitive | Q32: Curiosity | R32: Epistemic curiosity | S32: Intrinsic motivation | T32: Diagnostic Test | U32: Post-test | V32: 41 | W32: 25.24 | X32: 9.21 | Y32: 40 | Z32: 20.75 | AA32: 6.986 | AB32: MSD | AD32: 1 | AE32: =IFERROR(IF(AB32="MSD",IF(COUNT(V32,W32,X32,Y32,Z32,AA32)<6,"",(W32-Z32)/SQRT(((V32-1)*X32^2+(Y32-1)*AA32^2)/(V32+Y32-2))*AD32),IF(AB32="t",AC32*SQRT(1/V32+1/Y32)*AD32,IF(AB32="F",SQRT(AC32)*SQRT(1/V32+1/Y32)*AD32,IF(AB32="z",2*(AC32/SQRT(V32+Y32))/SQRT(1-(AC32/SQRT(V32+Y32))^2)*AD32,IF(AB32="t_paired",AC32/SQRT(V32)*AD32,""))))),"") -> 0.54836846 | AF32: =IF(AE32="","",IF(AB32="t_paired",1-3/(4*(V32-1)-1),1-3/(4*(V32+Y32)-9))) -> 0.99047619 | AG32: =IF(AE32="","",AE32*AF32) -> 0.5431459 | AH32: =IF(AG32="","",IF(AB32="t_paired",1/V32+AG32^2/(2*V32),(V32+Y32)/(V32*Y32)+AG32^2/(2*(V32+Y32)))) -> 0.051211278 | AI32: =IF(AH32="","",SQRT(AH32)) -> 0.22629909 | AJ32: =IF(AI32="","",AG32-1.96*AI32) -> 0.099599685 | AK32: =IF(AI32="","",AG32+1.96*AI32) -> 0.98669211 | AL32: =IF(AI32="","",AG32/AI32) -> 2.4001241 | AM32: =IF(AL32="","",2*(1-NORMSDIST(ABS(AL32)))) -> 0.016389514 | AN32: =IF(COUNT(V32)=0,"",IF(AB32="t_paired",V32,V32+N(Y32))) -> 81 | AO32: =IF(AH32="","",1/AH32) -> 19.526949 | AP32: Y | AQ32: Extracted_Data_AI_agents_Learner_curiosity.xlsx | AS32: =IF(AND(AP32="Y",ISNUMBER(AO32)),AO32,0) -> 19.526949 | AT32: =IF(AS32>0,AS32*AG32,0) -> 10.605982 | AU32: =IF(AS32>0,AS32*AG32^2,0) -> 5.7605957 | AV32: =IF(AS32>0,AS32^2,0) -> 381.30173 | AW32: =IF(AS32>0,AG32,0) -> 0.5431459 | AX32: =IF(AS32>0,AH32,1) -> 0.051211278
A33: ES032 | B33: S011 | C33: Chen et al. (2022) | D33: 2022 | E33: Taiwan | F33: Primary education (inferred from title) | G33: Not reported in source workbook | H33: Intelligent tutoring / adaptive learning AI | I33: AI-assisted learning | J33: Not reported | K33: Two-group comparison (per source workbook; verify design) | L33: Control group (per source workbook) | O33: Not reported | P33: Cognitive | Q33: Skill-based outcome | S33: Drawing performance | T33: Torrance Tests of Creative Thinking | U33: Pre-test | V33: 30 | W33: 85.25 | X33: 7.85 | Y33: 30 | Z33: 84.43 | AA33: 3.62 | AB33: MSD | AD33: 1 | AE33: =IFERROR(IF(AB33="MSD",IF(COUNT(V33,W33,X33,Y33,Z33,AA33)<6,"",(W33-Z33)/SQRT(((V33-1)*X33^2+(Y33-1)*AA33^2)/(V33+Y33-2))*AD33),IF(AB33="t",AC33*SQRT(1/V33+1/Y33)*AD33,IF(AB33="F",SQRT(AC33)*SQRT(1/V33+1/Y33)*AD33,IF(AB33="z",2*(AC33/SQRT(V33+Y33))/SQRT(1-(AC33/SQRT(V33+Y33))^2)*AD33,IF(AB33="t_paired",AC33/SQRT(V33)*AD33,""))))),"") -> 0.1341499 | AF33: =IF(AE33="","",IF(AB33="t_paired",1-3/(4*(V33-1)-1),1-3/(4*(V33+Y33)-9))) -> 0.98701299 | AG33: =IF(AE33="","",AE33*AF33) -> 0.1324077 | AH33: =IF(AG33="","",IF(AB33="t_paired",1/V33+AG33^2/(2*V33),(V33+Y33)/(V33*Y33)+AG33^2/(2*(V33+Y33)))) -> 0.066812765 | AI33: =IF(AH33="","",SQRT(AH33)) -> 0.25848165 | AJ33: =IF(AI33="","",AG33-1.96*AI33) -> -0.37421634 | AK33: =IF(AI33="","",AG33+1.96*AI33) -> 0.63903174 | AL33: =IF(AI33="","",AG33/AI33) -> 0.51225182 | AM33: =IF(AL33="","",2*(1-NORMSDIST(ABS(AL33)))) -> 0.60847478 | AN33: =IF(COUNT(V33)=0,"",IF(AB33="t_paired",V33,V33+N(Y33))) -> 60 | AO33: =IF(AH33="","",1/AH33) -> 14.9672 | AP33: N | AQ33: Raw_Data_ES_Meta_Analysis_Study_2.xlsx | AS33: =IF(AND(AP33="Y",ISNUMBER(AO33)),AO33,0) -> 0 | AT33: =IF(AS33>0,AS33*AG33,0) -> 0 | AU33: =IF(AS33>0,AS33*AG33^2,0) -> 0 | AV33: =IF(AS33>0,AS33^2,0) -> 0 | AW33: =IF(AS33>0,AG33,0) -> 0 | AX33: =IF(AS33>0,AH33,1) -> 1
A34: ES033 | B34: S011 | C34: Chen et al. (2022) | D34: 2022 | E34: Taiwan | F34: Primary education (inferred from title) | G34: Not reported in source workbook | H34: Intelligent tutoring / adaptive learning AI | I34: AI-assisted learning | J34: Not reported | K34: Two-group comparison (per source workbook; verify design) | L34: Control group (per source workbook) | O34: Not reported | P34: Cognitive | Q34: Skill-based outcome | S34: Drawing performance | T34: Torrance Tests of Creative Thinking | U34: Post-test | V34: 30 | W34: 92.93 | X34: 3.27 | Y34: 30 | Z34: 85.58 | AA34: 3.92 | AB34: MSD | AD34: 1 | AE34: =IFERROR(IF(AB34="MSD",IF(COUNT(V34,W34,X34,Y34,Z34,AA34)<6,"",(W34-Z34)/SQRT(((V34-1)*X34^2+(Y34-1)*AA34^2)/(V34+Y34-2))*AD34),IF(AB34="t",AC34*SQRT(1/V34+1/Y34)*AD34,IF(AB34="F",SQRT(AC34)*SQRT(1/V34+1/Y34)*AD34,IF(AB34="z",2*(AC34/SQRT(V34+Y34))/SQRT(1-(AC34/SQRT(V34+Y34))^2)*AD34,IF(AB34="t_paired",AC34/SQRT(V34)*AD34,""))))),"") -> 2.0362025 | AF34: =IF(AE34="","",IF(AB34="t_paired",1-3/(4*(V34-1)-1),1-3/(4*(V34+Y34)-9))) -> 0.98701299 | AG34: =IF(AE34="","",AE34*AF34) -> 2.0097583 | AH34: =IF(AG34="","",IF(AB34="t_paired",1/V34+AG34^2/(2*V34),(V34+Y34)/(V34*Y34)+AG34^2/(2*(V34+Y34)))) -> 0.10032607 | AI34: =IF(AH34="","",SQRT(AH34)) -> 0.31674291 | AJ34: =IF(AI34="","",AG34-1.96*AI34) -> 1.3889422 | AK34: =IF(AI34="","",AG34+1.96*AI34) -> 2.6305744 | AL34: =IF(AI34="","",AG34/AI34) -> 6.3450775 | AM34: =IF(AL34="","",2*(1-NORMSDIST(ABS(AL34)))) -> 2.223135e-10 | AN34: =IF(COUNT(V34)=0,"",IF(AB34="t_paired",V34,V34+N(Y34))) -> 60 | AO34: =IF(AH34="","",1/AH34) -> 9.967499 | AP34: Y | AQ34: Raw_Data_ES_Meta_Analysis_Study_2.xlsx | AS34: =IF(AND(AP34="Y",ISNUMBER(AO34)),AO34,0) -> 9.967499 | AT34: =IF(AS34>0,AS34*AG34,0) -> 20.032264 | AU34: =IF(AS34>0,AS34*AG34^2,0) -> 40.260008 | AV34: =IF(AS34>0,AS34^2,0) -> 99.351035 | AW34: =IF(AS34>0,AG34,0) -> 2.0097583 | AX34: =IF(AS34>0,AH34,1) -> 0.10032607
A35: ES034 | B35: S012 | C35: Chen et al. (2024) | D35: 2024 | E35: China | F35: Not reported in source workbook (verify) | G35: Not reported in source workbook | H35: Generative AI (LLM-based) | I35: GenAI | J35: Not reported | K35: Two-group comparison (per source workbook; verify design) | L35: Control group (per source workbook) | M35: 4 | N35: 20 | O35: 1 week to 1 month | P35: Cognitive | Q35: Higher-order thinking skills | S35: Generated image work | T35: Achievement test | U35: Post-test | V35: 40 | W35: 16.9 | X35: 1.17 | Y35: 40 | Z35: 14.47 | AA35: 1.5 | AB35: MSD | AD35: 1 | AE35: =IFERROR(IF(AB35="MSD",IF(COUNT(V35,W35,X35,Y35,Z35,AA35)<6,"",(W35-Z35)/SQRT(((V35-1)*X35^2+(Y35-1)*AA35^2)/(V35+Y35-2))*AD35),IF(AB35="t",AC35*SQRT(1/V35+1/Y35)*AD35,IF(AB35="F",SQRT(AC35)*SQRT(1/V35+1/Y35)*AD35,IF(AB35="z",2*(AC35/SQRT(V35+Y35))/SQRT(1-(AC35/SQRT(V35+Y35))^2)*AD35,IF(AB35="t_paired",AC35/SQRT(V35)*AD35,""))))),"") -> 1.8064793 | AF35: =IF(AE35="","",IF(AB35="t_paired",1-3/(4*(V35-1)-1),1-3/(4*(V35+Y35)-9))) -> 0.9903537 | AG35: =IF(AE35="","",AE35*AF35) -> 1.7890534 | AH35: =IF(AG35="","",IF(AB35="t_paired",1/V35+AG35^2/(2*V35),(V35+Y35)/(V35*Y35)+AG35^2/(2*(V35+Y35)))) -> 0.070004451 | AI35: =IF(AH35="","",SQRT(AH35)) -> 0.26458354 | AJ35: =IF(AI35="","",AG35-1.96*AI35) -> 1.2704697 | AK35: =IF(AI35="","",AG35+1.96*AI35) -> 2.3076372 | AL35: =IF(AI35="","",AG35/AI35) -> 6.7617714 | AM35: =IF(AL35="","",2*(1-NORMSDIST(ABS(AL35)))) -> 1.363154e-11 | AN35: =IF(COUNT(V35)=0,"",IF(AB35="t_paired",V35,V35+N(Y35))) -> 80 | AO35: =IF(AH35="","",1/AH35) -> 14.284806 | AP35: Y | AQ35: Raw_Data_ES_Meta_Analysis_Study_2.xlsx | AS35: =IF(AND(AP35="Y",ISNUMBER(AO35)),AO35,0) -> 14.284806 | AT35: =IF(AS35>0,AS35*AG35,0) -> 25.556281 | AU35: =IF(AS35>0,AS35*AG35^2,0) -> 45.721552 | AV35: =IF(AS35>0,AS35^2,0) -> 204.05568 | AW35: =IF(AS35>0,AG35,0) -> 1.7890534 | AX35: =IF(AS35>0,AH35,1) -> 0.070004451
A36: ES035 | B36: S012 | C36: Chen et al. (2024) | D36: 2024 | E36: China | F36: Not reported in source workbook (verify) | G36: Not reported in source workbook | H36: Generative AI (LLM-based) | I36: GenAI | J36: Not reported | K36: Two-group comparison (per source workbook; verify design) | L36: Control group (per source workbook) | M36: 4 | N36: 20 | O36: 1 week to 1 month | P36: Cognitive | Q36: Skill-based outcome | S36: Learning achievement | T36: Achievement test | U36: Post-test | V36: 40 | W36: 83.5 | X36: 9.02 | Y36: 40 | Z36: 78.75 | AA36: 9.55 | AB36: MSD | AD36: 1 | AE36: =IFERROR(IF(AB36="MSD",IF(COUNT(V36,W36,X36,Y36,Z36,AA36)<6,"",(W36-Z36)/SQRT(((V36-1)*X36^2+(Y36-1)*AA36^2)/(V36+Y36-2))*AD36),IF(AB36="t",AC36*SQRT(1/V36+1/Y36)*AD36,IF(AB36="F",SQRT(AC36)*SQRT(1/V36+1/Y36)*AD36,IF(AB36="z",2*(AC36/SQRT(V36+Y36))/SQRT(1-(AC36/SQRT(V36+Y36))^2)*AD36,IF(AB36="t_paired",AC36/SQRT(V36)*AD36,""))))),"") -> 0.51136958 | AF36: =IF(AE36="","",IF(AB36="t_paired",1-3/(4*(V36-1)-1),1-3/(4*(V36+Y36)-9))) -> 0.9903537 | AG36: =IF(AE36="","",AE36*AF36) -> 0.50643676 | AH36: =IF(AG36="","",IF(AB36="t_paired",1/V36+AG36^2/(2*V36),(V36+Y36)/(V36*Y36)+AG36^2/(2*(V36+Y36)))) -> 0.051602989 | AI36: =IF(AH36="","",SQRT(AH36)) -> 0.22716291 | AJ36: =IF(AI36="","",AG36-1.96*AI36) -> 0.06119745 | AK36: =IF(AI36="","",AG36+1.96*AI36) -> 0.95167607 | AL36: =IF(AI36="","",AG36/AI36) -> 2.2293989 | AM36: =IF(AL36="","",2*(1-NORMSDIST(ABS(AL36)))) -> 0.025787372 | AN36: =IF(COUNT(V36)=0,"",IF(AB36="t_paired",V36,V36+N(Y36))) -> 80 | AO36: =IF(AH36="","",1/AH36) -> 19.378723 | AP36: Y | AQ36: Raw_Data_ES_Meta_Analysis_Study_2.xlsx | AS36: =IF(AND(AP36="Y",ISNUMBER(AO36)),AO36,0) -> 19.378723 | AT36: =IF(AS36>0,AS36*AG36,0) -> 9.8140974 | AU36: =IF(AS36>0,AS36*AG36^2,0) -> 4.9702197 | AV36: =IF(AS36>0,AS36^2,0) -> 375.53489 | AW36: =IF(AS36>0,AG36,0) -> 0.50643676 | AX36: =IF(AS36>0,AH36,1) -> 0.051602989
A37: ES036 | B37: S013 | C37: Chen et al. (2025) | D37: 2025 | E37: China | F37: Higher education | G37: Social Sciences | H37: Generative AI (LLM-based) | I37: GenAI | J37: Yes | K37: Two-group comparison (per source workbook; verify design) | L37: Control group (per source workbook) | M37: 2(2) | N37: 90 | O37: Less than 1 week | P37: Cognitive | Q37: Knowledge-based outcome | S37: Learning achievement | T37: Knowledge test | U37: Post-test | V37: 30 | W37: 82.17 | X37: 10.5 | Y37: 31 | Z37: 69.19 | AA37: 11.26 | AB37: MSD | AD37: 1 | AE37: =IFERROR(IF(AB37="MSD",IF(COUNT(V37,W37,X37,Y37,Z37,AA37)<6,"",(W37-Z37)/SQRT(((V37-1)*X37^2+(Y37-1)*AA37^2)/(V37+Y37-2))*AD37),IF(AB37="t",AC37*SQRT(1/V37+1/Y37)*AD37,IF(AB37="F",SQRT(AC37)*SQRT(1/V37+1/Y37)*AD37,IF(AB37="z",2*(AC37/SQRT(V37+Y37))/SQRT(1-(AC37/SQRT(V37+Y37))^2)*AD37,IF(AB37="t_paired",AC37/SQRT(V37)*AD37,""))))),"") -> 1.1915834 | AF37: =IF(AE37="","",IF(AB37="t_paired",1-3/(4*(V37-1)-1),1-3/(4*(V37+Y37)-9))) -> 0.98723404 | AG37: =IF(AE37="","",AE37*AF37) -> 1.1763717 | AH37: =IF(AG37="","",IF(AB37="t_paired",1/V37+AG37^2/(2*V37),(V37+Y37)/(V37*Y37)+AG37^2/(2*(V37+Y37)))) -> 0.076934434 | AI37: =IF(AH37="","",SQRT(AH37)) -> 0.27737057 | AJ37: =IF(AI37="","",AG37-1.96*AI37) -> 0.63272538 | AK37: =IF(AI37="","",AG37+1.96*AI37) -> 1.720018 | AL37: =IF(AI37="","",AG37/AI37) -> 4.2411554 | AM37: =IF(AL37="","",2*(1-NORMSDIST(ABS(AL37)))) -> 2.223721e-05 | AN37: =IF(COUNT(V37)=0,"",IF(AB37="t_paired",V37,V37+N(Y37))) -> 61 | AO37: =IF(AH37="","",1/AH37) -> 12.998081 | AP37: Y | AQ37: Very_New_Cognitive_Higher_Edcn_Effect_Size.xlsx | AS37: =IF(AND(AP37="Y",ISNUMBER(AO37)),AO37,0) -> 12.998081 | AT37: =IF(AS37>0,AS37*AG37,0) -> 15.290575 | AU37: =IF(AS37>0,AS37*AG37^2,0) -> 17.987399 | AV37: =IF(AS37>0,AS37^2,0) -> 168.95011 | AW37: =IF(AS37>0,AG37,0) -> 1.1763717 | AX37: =IF(AS37>0,AH37,1) -> 0.076934434
A38: ES037 | B38: S013 | C38: Chen et al. (2025) | D38: 2025 | E38: China | F38: Higher education | G38: Social Sciences | H38: Generative AI (LLM-based) | I38: GenAI | J38: Yes | K38: Two-group comparison (per source workbook; verify design) | L38: Control group (per source workbook) | M38: 2(2) | N38: 90 | O38: Less than 1 week | P38: Non-cognitive | Q38: Curiosity | R38: Epistemic curiosity | S38: Agentic Engagement | U38: Pre-test | V38: 31 | W38: 3.36 | X38: 0.72 | Y38: 30 | Z38: 3.3 | AA38: 0.72 | AB38: MSD | AD38: 1 | AE38: =IFERROR(IF(AB38="MSD",IF(COUNT(V38,W38,X38,Y38,Z38,AA38)<6,"",(W38-Z38)/SQRT(((V38-1)*X38^2+(Y38-1)*AA38^2)/(V38+Y38-2))*AD38),IF(AB38="t",AC38*SQRT(1/V38+1/Y38)*AD38,IF(AB38="F",SQRT(AC38)*SQRT(1/V38+1/Y38)*AD38,IF(AB38="z",2*(AC38/SQRT(V38+Y38))/SQRT(1-(AC38/SQRT(V38+Y38))^2)*AD38,IF(AB38="t_paired",AC38/SQRT(V38)*AD38,""))))),"") -> 0.083333333 | AF38: =IF(AE38="","",IF(AB38="t_paired",1-3/(4*(V38-1)-1),1-3/(4*(V38+Y38)-9))) -> 0.98723404 | AG38: =IF(AE38="","",AE38*AF38) -> 0.082269504 | AH38: =IF(AG38="","",IF(AB38="t_paired",1/V38+AG38^2/(2*V38),(V38+Y38)/(V38*Y38)+AG38^2/(2*(V38+Y38)))) -> 0.065646875 | AI38: =IF(AH38="","",SQRT(AH38)) -> 0.25621646 | AJ38: =IF(AI38="","",AG38-1.96*AI38) -> -0.41991476 | AK38: =IF(AI38="","",AG38+1.96*AI38) -> 0.58445377 | AL38: =IF(AI38="","",AG38/AI38) -> 0.32109375 | AM38: =IF(AL38="","",2*(1-NORMSDIST(ABS(AL38)))) -> 0.74813935 | AN38: =IF(COUNT(V38)=0,"",IF(AB38="t_paired",V38,V38+N(Y38))) -> 61 | AO38: =IF(AH38="","",1/AH38) -> 15.233017 | AP38: N | AQ38: Extracted_Data_AI_agents_Learner_curiosity.xlsx | AS38: =IF(AND(AP38="Y",ISNUMBER(AO38)),AO38,0) -> 0 | AT38: =IF(AS38>0,AS38*AG38,0) -> 0 | AU38: =IF(AS38>0,AS38*AG38^2,0) -> 0 | AV38: =IF(AS38>0,AS38^2,0) -> 0 | AW38: =IF(AS38>0,AG38,0) -> 0 | AX38: =IF(AS38>0,AH38,1) -> 1
A39: ES038 | B39: S013 | C39: Chen et al. (2025) | D39: 2025 | E39: China | F39: Higher education | G39: Social Sciences | H39: Generative AI (LLM-based) | I39: GenAI | J39: Yes | K39: Two-group comparison (per source workbook; verify design) | L39: Control group (per source workbook) | M39: 2(2) | N39: 90 | O39: Less than 1 week | P39: Non-cognitive | Q39: Curiosity | R39: Epistemic curiosity | S39: Agentic Engagement | U39: Post-test | V39: 30 | W39: 3.41 | X39: 0.71 | Y39: 33 | Z39: 3.36 | AA39: 0.78 | AB39: MSD | AD39: 1 | AE39: =IFERROR(IF(AB39="MSD",IF(COUNT(V39,W39,X39,Y39,Z39,AA39)<6,"",(W39-Z39)/SQRT(((V39-1)*X39^2+(Y39-1)*AA39^2)/(V39+Y39-2))*AD39),IF(AB39="t",AC39*SQRT(1/V39+1/Y39)*AD39,IF(AB39="F",SQRT(AC39)*SQRT(1/V39+1/Y39)*AD39,IF(AB39="z",2*(AC39/SQRT(V39+Y39))/SQRT(1-(AC39/SQRT(V39+Y39))^2)*AD39,IF(AB39="t_paired",AC39/SQRT(V39)*AD39,""))))),"") -> 0.066886131 | AF39: =IF(AE39="","",IF(AB39="t_paired",1-3/(4*(V39-1)-1),1-3/(4*(V39+Y39)-9))) -> 0.98765432 | AG39: =IF(AE39="","",AE39*AF39) -> 0.066060376 | AH39: =IF(AG39="","",IF(AB39="t_paired",1/V39+AG39^2/(2*V39),(V39+Y39)/(V39*Y39)+AG39^2/(2*(V39+Y39)))) -> 0.063670998 | AI39: =IF(AH39="","",SQRT(AH39)) -> 0.25233113 | AJ39: =IF(AI39="","",AG39-1.96*AI39) -> -0.42850864 | AK39: =IF(AI39="","",AG39+1.96*AI39) -> 0.56062939 | AL39: =IF(AI39="","",AG39/AI39) -> 0.26180034 | AM39: =IF(AL39="","",2*(1-NORMSDIST(ABS(AL39)))) -> 0.79347537 | AN39: =IF(COUNT(V39)=0,"",IF(AB39="t_paired",V39,V39+N(Y39))) -> 63 | AO39: =IF(AH39="","",1/AH39) -> 15.705738 | AP39: Y | AQ39: Extracted_Data_AI_agents_Learner_curiosity.xlsx | AS39: =IF(AND(AP39="Y",ISNUMBER(AO39)),AO39,0) -> 15.705738 | AT39: =IF(AS39>0,AS39*AG39,0) -> 1.0375269 | AU39: =IF(AS39>0,AS39*AG39^2,0) -> 0.068539419 | AV39: =IF(AS39>0,AS39^2,0) -> 246.6702 | AW39: =IF(AS39>0,AG39,0) -> 0.066060376 | AX39: =IF(AS39>0,AH39,1) -> 0.063670998
A40: ES039 | B40: S014 | C40: Chen et al. (2025) | D40: 2025 | E40: China | F40: Secondary education (inferred from title) | G40: Not reported in source workbook | H40: Generative AI (LLM-based) | I40: GenAI | J40: Not reported | K40: Two-group comparison (per source workbook; verify design) | L40: Control group (per source workbook) | M40: 8 | O40: 1 to 4 months | P40: Cognitive | Q40: Skill-based outcome | S40: Learning achievement | T40: Knowledge test | U40: Post-test | V40: 33 | W40: 80.15 | X40: 13.55 | Y40: 33 | Z40: 73.18 | AA40: 12.74 | AB40: MSD | AD40: 1 | AE40: =IFERROR(IF(AB40="MSD",IF(COUNT(V40,W40,X40,Y40,Z40,AA40)<6,"",(W40-Z40)/SQRT(((V40-1)*X40^2+(Y40-1)*AA40^2)/(V40+Y40-2))*AD40),IF(AB40="t",AC40*SQRT(1/V40+1/Y40)*AD40,IF(AB40="F",SQRT(AC40)*SQRT(1/V40+1/Y40)*AD40,IF(AB40="z",2*(AC40/SQRT(V40+Y40))/SQRT(1-(AC40/SQRT(V40+Y40))^2)*AD40,IF(AB40="t_paired",AC40/SQRT(V40)*AD40,""))))),"") -> 0.52998814 | AF40: =IF(AE40="","",IF(AB40="t_paired",1-3/(4*(V40-1)-1),1-3/(4*(V40+Y40)-9))) -> 0.98823529 | AG40: =IF(AE40="","",AE40*AF40) -> 0.52375299 | AH40: =IF(AG40="","",IF(AB40="t_paired",1/V40+AG40^2/(2*V40),(V40+Y40)/(V40*Y40)+AG40^2/(2*(V40+Y40)))) -> 0.062684221 | AI40: =IF(AH40="","",SQRT(AH40)) -> 0.25036817 | AJ40: =IF(AI40="","",AG40-1.96*AI40) -> 0.033031374 | AK40: =IF(AI40="","",AG40+1.96*AI40) -> 1.0144746 | AL40: =IF(AI40="","",AG40/AI40) -> 2.0919312 | AM40: =IF(AL40="","",2*(1-NORMSDIST(ABS(AL40)))) -> 0.03644467 | AN40: =IF(COUNT(V40)=0,"",IF(AB40="t_paired",V40,V40+N(Y40))) -> 66 | AO40: =IF(AH40="","",1/AH40) -> 15.952978 | AP40: Y | AQ40: Raw_Data_ES_Meta_Analysis_Study_2.xlsx | AS40: =IF(AND(AP40="Y",ISNUMBER(AO40)),AO40,0) -> 15.952978 | AT40: =IF(AS40>0,AS40*AG40,0) -> 8.3554199 | AU40: =IF(AS40>0,AS40*AG40^2,0) -> 4.3761762 | AV40: =IF(AS40>0,AS40^2,0) -> 254.49751 | AW40: =IF(AS40>0,AG40,0) -> 0.52375299 | AX40: =IF(AS40>0,AH40,1) -> 0.062684221
A41: ES040 | B41: S015 | C41: Cheng et al. (2020) | D41: 2020 | E41: Taiwan | F41: Higher education | G41: Not reported in source workbook | H41: Other AI tool (recognition / generation / analytics) | I41: AI for Medical Imaging | J41: Not reported | K41: Two-group comparison (per source workbook; verify design) | L41: Control group (per source workbook) | O41: Not reported | P41: Cognitive | Q41: Knowledge-based outcome | S41: Pre‐learning accuracy | T41: Achievement test | U41: Pre-test | V41: 15 | W41: 75.73 | X41: 10.58 | Y41: 15 | Z41: 75.86 | AA41: 11.36 | AB41: MSD | AD41: 1 | AE41: =IFERROR(IF(AB41="MSD",IF(COUNT(V41,W41,X41,Y41,Z41,AA41)<6,"",(W41-Z41)/SQRT(((V41-1)*X41^2+(Y41-1)*AA41^2)/(V41+Y41-2))*AD41),IF(AB41="t",AC41*SQRT(1/V41+1/Y41)*AD41,IF(AB41="F",SQRT(AC41)*SQRT(1/V41+1/Y41)*AD41,IF(AB41="z",2*(AC41/SQRT(V41+Y41))/SQRT(1-(AC41/SQRT(V41+Y41))^2)*AD41,IF(AB41="t_paired",AC41/SQRT(V41)*AD41,""))))),"") -> -0.011843019 | AF41: =IF(AE41="","",IF(AB41="t_paired",1-3/(4*(V41-1)-1),1-3/(4*(V41+Y41)-9))) -> 0.97297297 | AG41: =IF(AE41="","",AE41*AF41) -> -0.011522938 | AH41: =IF(AG41="","",IF(AB41="t_paired",1/V41+AG41^2/(2*V41),(V41+Y41)/(V41*Y41)+AG41^2/(2*(V41+Y41)))) -> 0.13333555 | AI41: =IF(AH41="","",SQRT(AH41)) -> 0.3651514 | AJ41: =IF(AI41="","",AG41-1.96*AI41) -> -0.72721969 | AK41: =IF(AI41="","",AG41+1.96*AI41) -> 0.70417381 | AL41: =IF(AI41="","",AG41/AI41) -> -0.031556603 | AM41: =IF(AL41="","",2*(1-NORMSDIST(ABS(AL41)))) -> 0.97482565 | AN41: =IF(COUNT(V41)=0,"",IF(AB41="t_paired",V41,V41+N(Y41))) -> 30 | AO41: =IF(AH41="","",1/AH41) -> 7.4998755 | AP41: N | AQ41: Very_New_Cognitive_Higher_Edcn_Effect_Size.xlsx | AR41: Same data also in WB5: 'Pre‐learning accuracy' (uncoded) | AS41: =IF(AND(AP41="Y",ISNUMBER(AO41)),AO41,0) -> 0 | AT41: =IF(AS41>0,AS41*AG41,0) -> 0 | AU41: =IF(AS41>0,AS41*AG41^2,0) -> 0 | AV41: =IF(AS41>0,AS41^2,0) -> 0 | AW41: =IF(AS41>0,AG41,0) -> 0 | AX41: =IF(AS41>0,AH41,1) -> 1
A42: ES041 | B42: S015 | C42: Cheng et al. (2020) | D42: 2020 | E42: Taiwan | F42: Higher education | G42: Not reported in source workbook | H42: Other AI tool (recognition / generation / analytics) | I42: AI for Medical Imaging | J42: Not reported | K42: Two-group comparison (per source workbook; verify design) | L42: Control group (per source workbook) | O42: Not reported | P42: Cognitive | Q42: Knowledge-based outcome | S42: Pre‐learning accuracy | T42: Achievement test | U42: Post-test | V42: 15 | W42: 84.93 | X42: 14.53 | Y42: 15 | Z42: 78.66 | AA42: 14.53 | AB42: MSD | AD42: 1 | AE42: =IFERROR(IF(AB42="MSD",IF(COUNT(V42,W42,X42,Y42,Z42,AA42)<6,"",(W42-Z42)/SQRT(((V42-1)*X42^2+(Y42-1)*AA42^2)/(V42+Y42-2))*AD42),IF(AB42="t",AC42*SQRT(1/V42+1/Y42)*AD42,IF(AB42="F",SQRT(AC42)*SQRT(1/V42+1/Y42)*AD42,IF(AB42="z",2*(AC42/SQRT(V42+Y42))/SQRT(1-(AC42/SQRT(V42+Y42))^2)*AD42,IF(AB42="t_paired",AC42/SQRT(V42)*AD42,""))))),"") -> 0.43152099 | AF42: =IF(AE42="","",IF(AB42="t_paired",1-3/(4*(V42-1)-1),1-3/(4*(V42+Y42)-9))) -> 0.97297297 | AG42: =IF(AE42="","",AE42*AF42) -> 0.41985826 | AH42: =IF(AG42="","",IF(AB42="t_paired",1/V42+AG42^2/(2*V42),(V42+Y42)/(V42*Y42)+AG42^2/(2*(V42+Y42)))) -> 0.13627135 | AI42: =IF(AH42="","",SQRT(AH42)) -> 0.36914949 | AJ42: =IF(AI42="","",AG42-1.96*AI42) -> -0.30367475 | AK42: =IF(AI42="","",AG42+1.96*AI42) -> 1.1433913 | AL42: =IF(AI42="","",AG42/AI42) -> 1.1373665 | AM42: =IF(AL42="","",2*(1-NORMSDIST(ABS(AL42)))) -> 0.25538511 | AN42: =IF(COUNT(V42)=0,"",IF(AB42="t_paired",V42,V42+N(Y42))) -> 30 | AO42: =IF(AH42="","",1/AH42) -> 7.3382997 | AP42: Y | AQ42: Very_New_Cognitive_Higher_Edcn_Effect_Size.xlsx | AR42: Same data also in WB5: 'Pre‐learning accuracy' (uncoded) | AS42: =IF(AND(AP42="Y",ISNUMBER(AO42)),AO42,0) -> 7.3382997 | AT42: =IF(AS42>0,AS42*AG42,0) -> 3.0810457 | AU42: =IF(AS42>0,AS42*AG42^2,0) -> 1.2936025 | AV42: =IF(AS42>0,AS42^2,0) -> 53.850642 | AW42: =IF(AS42>0,AG42,0) -> 0.41985826 | AX42: =IF(AS42>0,AH42,1) -> 0.13627135
A43: ES042 | B43: S015 | C43: Cheng et al. (2020) | D43: 2020 | E43: Taiwan | F43: Higher education | G43: Not reported in source workbook | H43: Other AI tool (recognition / generation / analytics) | I43: AI for Medical Imaging | J43: Not reported | K43: Two-group comparison (per source workbook; verify design) | L43: Control group (per source workbook) | O43: Not reported | P43: Cognitive | Q43: Knowledge-based outcome | S43: Pre‐learning sensitivity | T43: Achievement test | U43: Pre-test | V43: 15 | W43: 77.33 | X43: 18.15 | Y43: 15 | Z43: 72.53 | AA43: 15.37 | AB43: MSD | AD43: 1 | AE43: =IFERROR(IF(AB43="MSD",IF(COUNT(V43,W43,X43,Y43,Z43,AA43)<6,"",(W43-Z43)/SQRT(((V43-1)*X43^2+(Y43-1)*AA43^2)/(V43+Y43-2))*AD43),IF(AB43="t",AC43*SQRT(1/V43+1/Y43)*AD43,IF(AB43="F",SQRT(AC43)*SQRT(1/V43+1/Y43)*AD43,IF(AB43="z",2*(AC43/SQRT(V43+Y43))/SQRT(1-(AC43/SQRT(V43+Y43))^2)*AD43,IF(AB43="t_paired",AC43/SQRT(V43)*AD43,""))))),"") -> 0.28541627 | AF43: =IF(AE43="","",IF(AB43="t_paired",1-3/(4*(V43-1)-1),1-3/(4*(V43+Y43)-9))) -> 0.97297297 | AG43: =IF(AE43="","",AE43*AF43) -> 0.27770232 | AH43: =IF(AG43="","",IF(AB43="t_paired",1/V43+AG43^2/(2*V43),(V43+Y43)/(V43*Y43)+AG43^2/(2*(V43+Y43)))) -> 0.13461864 | AI43: =IF(AH43="","",SQRT(AH43)) -> 0.36690413 | AJ43: =IF(AI43="","",AG43-1.96*AI43) -> -0.44142978 | AK43: =IF(AI43="","",AG43+1.96*AI43) -> 0.99683442 | AL43: =IF(AI43="","",AG43/AI43) -> 0.75687978 | AM43: =IF(AL43="","",2*(1-NORMSDIST(ABS(AL43)))) -> 0.44912189 | AN43: =IF(COUNT(V43)=0,"",IF(AB43="t_paired",V43,V43+N(Y43))) -> 30 | AO43: =IF(AH43="","",1/AH43) -> 7.4283916 | AP43: N | AQ43: Very_New_Cognitive_Higher_Edcn_Effect_Size.xlsx | AR43: Same data also in WB5: 'Pre‐learning sensitivity' (uncoded) | AS43: =IF(AND(AP43="Y",ISNUMBER(AO43)),AO43,0) -> 0 | AT43: =IF(AS43>0,AS43*AG43,0) -> 0 | AU43: =IF(AS43>0,AS43*AG43^2,0) -> 0 | AV43: =IF(AS43>0,AS43^2,0) -> 0 | AW43: =IF(AS43>0,AG43,0) -> 0 | AX43: =IF(AS43>0,AH43,1) -> 1
A44: ES043 | B44: S015 | C44: Cheng et al. (2020) | D44: 2020 | E44: Taiwan | F44: Higher education | G44: Not reported in source workbook | H44: Other AI tool (recognition / generation / analytics) | I44: AI for Medical Imaging | J44: Not reported | K44: Two-group comparison (per source workbook; verify design) | L44: Control group (per source workbook) | O44: Not reported | P44: Cognitive | Q44: Knowledge-based outcome | S44: Pre‐learning sensitivity | T44: Achievement test | U44: Post-test | V44: 15 | W44: 86.4 | X44: 6.42 | Y44: 15 | Z44: 75.47 | AA44: 22.1 | AB44: MSD | AD44: 1 | AE44: =IFERROR(IF(AB44="MSD",IF(COUNT(V44,W44,X44,Y44,Z44,AA44)<6,"",(W44-Z44)/SQRT(((V44-1)*X44^2+(Y44-1)*AA44^2)/(V44+Y44-2))*AD44),IF(AB44="t",AC44*SQRT(1/V44+1/Y44)*AD44,IF(AB44="F",SQRT(AC44)*SQRT(1/V44+1/Y44)*AD44,IF(AB44="z",2*(AC44/SQRT(V44+Y44))/SQRT(1-(AC44/SQRT(V44+Y44))^2)*AD44,IF(AB44="t_paired",AC44/SQRT(V44)*AD44,""))))),"") -> 0.67166133 | AF44: =IF(AE44="","",IF(AB44="t_paired",1-3/(4*(V44-1)-1),1-3/(4*(V44+Y44)-9))) -> 0.97297297 | AG44: =IF(AE44="","",AE44*AF44) -> 0.65350832 | AH44: =IF(AG44="","",IF(AB44="t_paired",1/V44+AG44^2/(2*V44),(V44+Y44)/(V44*Y44)+AG44^2/(2*(V44+Y44)))) -> 0.14045122 | AI44: =IF(AH44="","",SQRT(AH44)) -> 0.37476822 | AJ44: =IF(AI44="","",AG44-1.96*AI44) -> -0.081037387 | AK44: =IF(AI44="","",AG44+1.96*AI44) -> 1.388054 | AL44: =IF(AI44="","",AG44/AI44) -> 1.7437667 | AM44: =IF(AL44="","",2*(1-NORMSDIST(ABS(AL44)))) -> 0.081199788 | AN44: =IF(COUNT(V44)=0,"",IF(AB44="t_paired",V44,V44+N(Y44))) -> 30 | AO44: =IF(AH44="","",1/AH44) -> 7.1199097 | AP44: Y | AQ44: Very_New_Cognitive_Higher_Edcn_Effect_Size.xlsx | AR44: Same data also in WB5: 'Pre‐learning sensitivity' (uncoded) | AS44: =IF(AND(AP44="Y",ISNUMBER(AO44)),AO44,0) -> 7.1199097 | AT44: =IF(AS44>0,AS44*AG44,0) -> 4.6529203 | AU44: =IF(AS44>0,AS44*AG44^2,0) -> 3.0407221 | AV44: =IF(AS44>0,AS44^2,0) -> 50.693115 | AW44: =IF(AS44>0,AG44,0) -> 0.65350832 | AX44: =IF(AS44>0,AH44,1) -> 0.14045122
A45: ES044 | B45: S015 | C45: Cheng et al. (2020) | D45: 2020 | E45: Taiwan | F45: Higher education | G45: Not reported in source workbook | H45: Other AI tool (recognition / generation / analytics) | I45: AI for Medical Imaging | J45: Not reported | K45: Two-group comparison (per source workbook; verify design) | L45: Control group (per source workbook) | O45: Not reported | P45: Cognitive | Q45: Knowledge-based outcome | S45: Pre‐learning specificity | T45: Achievement test | U45: Pre-test | V45: 15 | W45: 74.13 | X45: 17.42 | Y45: 15 | Z45: 79.2 | AA45: 15.47 | AB45: MSD | AD45: 1 | AE45: =IFERROR(IF(AB45="MSD",IF(COUNT(V45,W45,X45,Y45,Z45,AA45)<6,"",(W45-Z45)/SQRT(((V45-1)*X45^2+(Y45-1)*AA45^2)/(V45+Y45-2))*AD45),IF(AB45="t",AC45*SQRT(1/V45+1/Y45)*AD45,IF(AB45="F",SQRT(AC45)*SQRT(1/V45+1/Y45)*AD45,IF(AB45="z",2*(AC45/SQRT(V45+Y45))/SQRT(1-(AC45/SQRT(V45+Y45))^2)*AD45,IF(AB45="t_paired",AC45/SQRT(V45)*AD45,""))))),"") -> -0.30775996 | AF45: =IF(AE45="","",IF(AB45="t_paired",1-3/(4*(V45-1)-1),1-3/(4*(V45+Y45)-9))) -> 0.97297297 | AG45: =IF(AE45="","",AE45*AF45) -> -0.29944212 | AH45: =IF(AG45="","",IF(AB45="t_paired",1/V45+AG45^2/(2*V45),(V45+Y45)/(V45*Y45)+AG45^2/(2*(V45+Y45)))) -> 0.13482776 | AI45: =IF(AH45="","",SQRT(AH45)) -> 0.367189 | AJ45: =IF(AI45="","",AG45-1.96*AI45) -> -1.0191326 | AK45: =IF(AI45="","",AG45+1.96*AI45) -> 0.42024831 | AL45: =IF(AI45="","",AG45/AI45) -> -0.81549863 | AM45: =IF(AL45="","",2*(1-NORMSDIST(ABS(AL45)))) -> 0.41478695 | AN45: =IF(COUNT(V45)=0,"",IF(AB45="t_paired",V45,V45+N(Y45))) -> 30 | AO45: =IF(AH45="","",1/AH45) -> 7.4168702 | AP45: N | AQ45: Very_New_Cognitive_Higher_Edcn_Effect_Size.xlsx | AR45: Same data also in WB5: 'Pre‐learning specificity' (uncoded) | AS45: =IF(AND(AP45="Y",ISNUMBER(AO45)),AO45,0) -> 0 | AT45: =IF(AS45>0,AS45*AG45,0) -> 0 | AU45: =IF(AS45>0,AS45*AG45^2,0) -> 0 | AV45: =IF(AS45>0,AS45^2,0) -> 0 | AW45: =IF(AS45>0,AG45,0) -> 0 | AX45: =IF(AS45>0,AH45,1) -> 1
A46: ES045 | B46: S015 | C46: Cheng et al. (2020) | D46: 2020 | E46: Taiwan | F46: Higher education | G46: Not reported in source workbook | H46: Other AI tool (recognition / generation / analytics) | I46: AI for Medical Imaging | J46: Not reported | K46: Two-group comparison (per source workbook; verify design) | L46: Control group (per source workbook) | O46: Not reported | P46: Cognitive | Q46: Knowledge-based outcome | S46: Pre‐learning specificity | T46: Achievement test | U46: Post-test | V46: 15 | W46: 83.47 | X46: 14.03 | Y46: 15 | Z46: 81.87 | AA46: 14.27 | AB46: MSD | AD46: 1 | AE46: =IFERROR(IF(AB46="MSD",IF(COUNT(V46,W46,X46,Y46,Z46,AA46)<6,"",(W46-Z46)/SQRT(((V46-1)*X46^2+(Y46-1)*AA46^2)/(V46+Y46-2))*AD46),IF(AB46="t",AC46*SQRT(1/V46+1/Y46)*AD46,IF(AB46="F",SQRT(AC46)*SQRT(1/V46+1/Y46)*AD46,IF(AB46="z",2*(AC46/SQRT(V46+Y46))/SQRT(1-(AC46/SQRT(V46+Y46))^2)*AD46,IF(AB46="t_paired",AC46/SQRT(V46)*AD46,""))))),"") -> 0.11307014 | AF46: =IF(AE46="","",IF(AB46="t_paired",1-3/(4*(V46-1)-1),1-3/(4*(V46+Y46)-9))) -> 0.97297297 | AG46: =IF(AE46="","",AE46*AF46) -> 0.11001419 | AH46: =IF(AG46="","",IF(AB46="t_paired",1/V46+AG46^2/(2*V46),(V46+Y46)/(V46*Y46)+AG46^2/(2*(V46+Y46)))) -> 0.13353505 | AI46: =IF(AH46="","",SQRT(AH46)) -> 0.36542448 | AJ46: =IF(AI46="","",AG46-1.96*AI46) -> -0.6062178 | AK46: =IF(AI46="","",AG46+1.96*AI46) -> 0.82624617 | AL46: =IF(AI46="","",AG46/AI46) -> 0.30105862 | AM46: =IF(AL46="","",2*(1-NORMSDIST(ABS(AL46)))) -> 0.7633698 | AN46: =IF(COUNT(V46)=0,"",IF(AB46="t_paired",V46,V46+N(Y46))) -> 30 | AO46: =IF(AH46="","",1/AH46) -> 7.4886705 | AP46: Y | AQ46: Very_New_Cognitive_Higher_Edcn_Effect_Size.xlsx | AR46: Same data also in WB5: 'Pre‐learning specificity' (uncoded) | AS46: =IF(AND(AP46="Y",ISNUMBER(AO46)),AO46,0) -> 7.4886705 | AT46: =IF(AS46>0,AS46*AG46,0) -> 0.82386001 | AU46: =IF(AS46>0,AS46*AG46^2,0) -> 0.090636291 | AV46: =IF(AS46>0,AS46^2,0) -> 56.080185 | AW46: =IF(AS46>0,AG46,0) -> 0.11001419 | AX46: =IF(AS46>0,AH46,1) -> 0.13353505
A47: ES046 | B47: S016 | C47: Darmawansah et al. (2025) | D47: 2025 | E47: Taiwan | F47: Higher education | G47: EFL / Language | H47: Intelligent tutoring / adaptive learning AI | I47: AI speaking app (speech recognition / adaptive feedback) - AI-based speaking learning app within GFCA model | J47: Yes | K47: Quasi-experiment, 2 intact classes | L47: Same AI app without GFCA model (AI-C) - active comparator | M47: 9 weeks | N47: 100 per week | O47: 1 to 4 months | P47: Cognitive | Q47: Knowledge-based outcome | S47: Lexical errors T2 (fewer = better) | T47: Error count in role-play | U47: Post-test | V47: 23 | Y47: 22 | AB47: z | AC47: 2.396 | AD47: 1 | AE47: =IFERROR(IF(AB47="MSD",IF(COUNT(V47,W47,X47,Y47,Z47,AA47)<6,"",(W47-Z47)/SQRT(((V47-1)*X47^2+(Y47-1)*AA47^2)/(V47+Y47-2))*AD47),IF(AB47="t",AC47*SQRT(1/V47+1/Y47)*AD47,IF(AB47="F",SQRT(AC47)*SQRT(1/V47+1/Y47)*AD47,IF(AB47="z",2*(AC47/SQRT(V47+Y47))/SQRT(1-(AC47/SQRT(V47+Y47))^2)*AD47,IF(AB47="t_paired",AC47/SQRT(V47)*AD47,""))))),"") -> 0.764797 | AF47: =IF(AE47="","",IF(AB47="t_paired",1-3/(4*(V47-1)-1),1-3/(4*(V47+Y47)-9))) -> 0.98245614 | AG47: =IF(AE47="","",AE47*AF47) -> 0.75137951 | AH47: =IF(AG47="","",IF(AB47="t_paired",1/V47+AG47^2/(2*V47),(V47+Y47)/(V47*Y47)+AG47^2/(2*(V47+Y47)))) -> 0.095205819 | AI47: =IF(AH47="","",SQRT(AH47)) -> 0.3085544 | AJ47: =IF(AI47="","",AG47-1.96*AI47) -> 0.14661288 | AK47: =IF(AI47="","",AG47+1.96*AI47) -> 1.3561461 | AL47: =IF(AI47="","",AG47/AI47) -> 2.4351605 | AM47: =IF(AL47="","",2*(1-NORMSDIST(ABS(AL47)))) -> 0.014885184 | AN47: =IF(COUNT(V47)=0,"",IF(AB47="t_paired",V47,V47+N(Y47))) -> 45 | AO47: =IF(AH47="","",1/AH47) -> 10.50356 | AP47: Y | AQ47: Extracted from uploaded paper (new study) | AR47: Table 4 | AS47: =IF(AND(AP47="Y",ISNUMBER(AO47)),AO47,0) -> 10.50356 | AT47: =IF(AS47>0,AS47*AG47,0) -> 7.8921595 | AU47: =IF(AS47>0,AS47*AG47^2,0) -> 5.9300069 | AV47: =IF(AS47>0,AS47^2,0) -> 110.32476 | AW47: =IF(AS47>0,AG47,0) -> 0.75137951 | AX47: =IF(AS47>0,AH47,1) -> 0.095205819
A48: ES047 | B48: S016 | C48: Darmawansah et al. (2025) | D48: 2025 | E48: Taiwan | F48: Higher education | G48: EFL / Language | H48: Intelligent tutoring / adaptive learning AI | I48: AI speaking app (speech recognition / adaptive feedback) - AI-based speaking learning app within GFCA model | J48: Yes | K48: Quasi-experiment, 2 intact classes | L48: Same AI app without GFCA model (AI-C) - active comparator | M48: 9 weeks | N48: 100 per week | O48: 1 to 4 months | P48: Cognitive | Q48: Knowledge-based outcome | S48: Morpho-syntactic errors T2 (fewer = better) | T48: Error count in role-play | U48: Post-test | V48: 23 | Y48: 22 | AB48: z | AC48: 2.569 | AD48: 1 | AE48: =IFERROR(IF(AB48="MSD",IF(COUNT(V48,W48,X48,Y48,Z48,AA48)<6,"",(W48-Z48)/SQRT(((V48-1)*X48^2+(Y48-1)*AA48^2)/(V48+Y48-2))*AD48),IF(AB48="t",AC48*SQRT(1/V48+1/Y48)*AD48,IF(AB48="F",SQRT(AC48)*SQRT(1/V48+1/Y48)*AD48,IF(AB48="z",2*(AC48/SQRT(V48+Y48))/SQRT(1-(AC48/SQRT(V48+Y48))^2)*AD48,IF(AB48="t_paired",AC48/SQRT(V48)*AD48,""))))),"") -> 0.8291386 | AF48: =IF(AE48="","",IF(AB48="t_paired",1-3/(4*(V48-1)-1),1-3/(4*(V48+Y48)-9))) -> 0.98245614 | AG48: =IF(AE48="","",AE48*AF48) -> 0.81459231 | AH48: =IF(AG48="","",IF(AB48="t_paired",1/V48+AG48^2/(2*V48),(V48+Y48)/(V48*Y48)+AG48^2/(2*(V48+Y48)))) -> 0.096305702 | AI48: =IF(AH48="","",SQRT(AH48)) -> 0.3103316 | AJ48: =IF(AI48="","",AG48-1.96*AI48) -> 0.20634238 | AK48: =IF(AI48="","",AG48+1.96*AI48) -> 1.4228423 | AL48: =IF(AI48="","",AG48/AI48) -> 2.6249093 | AM48: =IF(AL48="","",2*(1-NORMSDIST(ABS(AL48)))) -> 0.0086672044 | AN48: =IF(COUNT(V48)=0,"",IF(AB48="t_paired",V48,V48+N(Y48))) -> 45 | AO48: =IF(AH48="","",1/AH48) -> 10.383601 | AP48: Y | AQ48: Extracted from uploaded paper (new study) | AR48: Table 4; sign set so positive = fewer errors in AI-GFCA | AS48: =IF(AND(AP48="Y",ISNUMBER(AO48)),AO48,0) -> 10.383601 | AT48: =IF(AS48>0,AS48*AG48,0) -> 8.4584017 | AU48: =IF(AS48>0,AS48*AG48^2,0) -> 6.890149 | AV48: =IF(AS48>0,AS48^2,0) -> 107.81917 | AW48: =IF(AS48>0,AG48,0) -> 0.81459231 | AX48: =IF(AS48>0,AH48,1) -> 0.096305702
A49: ES048 | B49: S016 | C49: Darmawansah et al. (2025) | D49: 2025 | E49: Taiwan | F49: Higher education | G49: EFL / Language | H49: Intelligent tutoring / adaptive learning AI | I49: AI speaking app (speech recognition / adaptive feedback) - AI-based speaking learning app within GFCA model | J49: Yes | K49: Quasi-experiment, 2 intact classes | L49: Same AI app without GFCA model (AI-C) - active comparator | M49: 9 weeks | N49: 100 per week | O49: 1 to 4 months | P49: Cognitive | Q49: Skill-based outcome | S49: Fluency | T49: AI app speaking assessment | U49: Post-test | V49: 23 | Y49: 22 | AB49: z | AC49: 2.613 | AD49: 1 | AE49: =IFERROR(IF(AB49="MSD",IF(COUNT(V49,W49,X49,Y49,Z49,AA49)<6,"",(W49-Z49)/SQRT(((V49-1)*X49^2+(Y49-1)*AA49^2)/(V49+Y49-2))*AD49),IF(AB49="t",AC49*SQRT(1/V49+1/Y49)*AD49,IF(AB49="F",SQRT(AC49)*SQRT(1/V49+1/Y49)*AD49,IF(AB49="z",2*(AC49/SQRT(V49+Y49))/SQRT(1-(AC49/SQRT(V49+Y49))^2)*AD49,IF(AB49="t_paired",AC49/SQRT(V49)*AD49,""))))),"") -> 0.84585444 | AF49: =IF(AE49="","",IF(AB49="t_paired",1-3/(4*(V49-1)-1),1-3/(4*(V49+Y49)-9))) -> 0.98245614 | AG49: =IF(AE49="","",AE49*AF49) -> 0.83101489 | AH49: =IF(AG49="","",IF(AB49="t_paired",1/V49+AG49^2/(2*V49),(V49+Y49)/(V49*Y49)+AG49^2/(2*(V49+Y49)))) -> 0.096605981 | AI49: =IF(AH49="","",SQRT(AH49)) -> 0.31081503 | AJ49: =IF(AI49="","",AG49-1.96*AI49) -> 0.22181744 | AK49: =IF(AI49="","",AG49+1.96*AI49) -> 1.4402123 | AL49: =IF(AI49="","",AG49/AI49) -> 2.6736638 | AM49: =IF(AL49="","",2*(1-NORMSDIST(ABS(AL49)))) -> 0.0075027625 | AN49: =IF(COUNT(V49)=0,"",IF(AB49="t_paired",V49,V49+N(Y49))) -> 45 | AO49: =IF(AH49="","",1/AH49) -> 10.351326 | AP49: Y | AQ49: Extracted from uploaded paper (new study) | AR49: Table 3 | AS49: =IF(AND(AP49="Y",ISNUMBER(AO49)),AO49,0) -> 10.351326 | AT49: =IF(AS49>0,AS49*AG49,0) -> 8.602106 | AU49: =IF(AS49>0,AS49*AG49^2,0) -> 7.1484781 | AV49: =IF(AS49>0,AS49^2,0) -> 107.14995 | AW49: =IF(AS49>0,AG49,0) -> 0.83101489 | AX49: =IF(AS49>0,AH49,1) -> 0.096605981
A50: ES049 | B50: S016 | C50: Darmawansah et al. (2025) | D50: 2025 | E50: Taiwan | F50: Higher education | G50: EFL / Language | H50: Intelligent tutoring / adaptive learning AI | I50: AI speaking app (speech recognition / adaptive feedback) - AI-based speaking learning app within GFCA model | J50: Yes | K50: Quasi-experiment, 2 intact classes | L50: Same AI app without GFCA model (AI-C) - active comparator | M50: 9 weeks | N50: 100 per week | O50: 1 to 4 months | P50: Cognitive | Q50: Skill-based outcome | S50: IELTS speaking predictor | T50: AI app IELTS predictor score | U50: Post-test | V50: 23 | Y50: 22 | AB50: z | AC50: 2.566 | AD50: 1 | AE50: =IFERROR(IF(AB50="MSD",IF(COUNT(V50,W50,X50,Y50,Z50,AA50)<6,"",(W50-Z50)/SQRT(((V50-1)*X50^2+(Y50-1)*AA50^2)/(V50+Y50-2))*AD50),IF(AB50="t",AC50*SQRT(1/V50+1/Y50)*AD50,IF(AB50="F",SQRT(AC50)*SQRT(1/V50+1/Y50)*AD50,IF(AB50="z",2*(AC50/SQRT(V50+Y50))/SQRT(1-(AC50/SQRT(V50+Y50))^2)*AD50,IF(AB50="t_paired",AC50/SQRT(V50)*AD50,""))))),"") -> 0.82800429 | AF50: =IF(AE50="","",IF(AB50="t_paired",1-3/(4*(V50-1)-1),1-3/(4*(V50+Y50)-9))) -> 0.98245614 | AG50: =IF(AE50="","",AE50*AF50) -> 0.8134779 | AH50: =IF(AG50="","",IF(AB50="t_paired",1/V50+AG50^2/(2*V50),(V50+Y50)/(V50*Y50)+AG50^2/(2*(V50+Y50)))) -> 0.096285543 | AI50: =IF(AH50="","",SQRT(AH50)) -> 0.31029912 | AJ50: =IF(AI50="","",AG50-1.96*AI50) -> 0.20529163 | AK50: =IF(AI50="","",AG50+1.96*AI50) -> 1.4216642 | AL50: =IF(AI50="","",AG50/AI50) -> 2.6215927 | AM50: =IF(AL50="","",2*(1-NORMSDIST(ABS(AL50)))) -> 0.0087519958 | AN50: =IF(COUNT(V50)=0,"",IF(AB50="t_paired",V50,V50+N(Y50))) -> 45 | AO50: =IF(AH50="","",1/AH50) -> 10.385775 | AP50: Y | AQ50: Extracted from uploaded paper (new study) | AR50: Table 3 | AS50: =IF(AND(AP50="Y",ISNUMBER(AO50)),AO50,0) -> 10.385775 | AT50: =IF(AS50>0,AS50*AG50,0) -> 8.4485986 | AU50: =IF(AS50>0,AS50*AG50^2,0) -> 6.8727483 | AV50: =IF(AS50>0,AS50^2,0) -> 107.86433 | AW50: =IF(AS50>0,AG50,0) -> 0.8134779 | AX50: =IF(AS50>0,AH50,1) -> 0.096285543
A51: ES050 | B51: S016 | C51: Darmawansah et al. (2025) | D51: 2025 | E51: Taiwan | F51: Higher education | G51: EFL / Language | H51: Intelligent tutoring / adaptive learning AI | I51: AI speaking app (speech recognition / adaptive feedback) - AI-based speaking learning app within GFCA model | J51: Yes | K51: Quasi-experiment, 2 intact classes | L51: Same AI app without GFCA model (AI-C) - active comparator | M51: 9 weeks | N51: 100 per week | O51: 1 to 4 months | P51: Cognitive | Q51: Skill-based outcome | S51: Intonation | T51: AI app speaking assessment | U51: Post-test | V51: 23 | Y51: 22 | AB51: z | AC51: 1.761 | AD51: 1 | AE51: =IFERROR(IF(AB51="MSD",IF(COUNT(V51,W51,X51,Y51,Z51,AA51)<6,"",(W51-Z51)/SQRT(((V51-1)*X51^2+(Y51-1)*AA51^2)/(V51+Y51-2))*AD51),IF(AB51="t",AC51*SQRT(1/V51+1/Y51)*AD51,IF(AB51="F",SQRT(AC51)*SQRT(1/V51+1/Y51)*AD51,IF(AB51="z",2*(AC51/SQRT(V51+Y51))/SQRT(1-(AC51/SQRT(V51+Y51))^2)*AD51,IF(AB51="t_paired",AC51/SQRT(V51)*AD51,""))))),"") -> 0.54411181 | AF51: =IF(AE51="","",IF(AB51="t_paired",1-3/(4*(V51-1)-1),1-3/(4*(V51+Y51)-9))) -> 0.98245614 | AG51: =IF(AE51="","",AE51*AF51) -> 0.53456599 | AH51: =IF(AG51="","",IF(AB51="t_paired",1/V51+AG51^2/(2*V51),(V51+Y51)/(V51*Y51)+AG51^2/(2*(V51+Y51)))) -> 0.092107926 | AI51: =IF(AH51="","",SQRT(AH51)) -> 0.30349288 | AJ51: =IF(AI51="","",AG51-1.96*AI51) -> -0.060280053 | AK51: =IF(AI51="","",AG51+1.96*AI51) -> 1.129412 | AL51: =IF(AI51="","",AG51/AI51) -> 1.761379 | AM51: =IF(AL51="","",2*(1-NORMSDIST(ABS(AL51)))) -> 0.078174274 | AN51: =IF(COUNT(V51)=0,"",IF(AB51="t_paired",V51,V51+N(Y51))) -> 45 | AO51: =IF(AH51="","",1/AH51) -> 10.856829 | AP51: Y | AQ51: Extracted from uploaded paper (new study) | AR51: Table 3 (n.s.) | AS51: =IF(AND(AP51="Y",ISNUMBER(AO51)),AO51,0) -> 10.856829 | AT51: =IF(AS51>0,AS51*AG51,0) -> 5.8036915 | AU51: =IF(AS51>0,AS51*AG51^2,0) -> 3.102456 | AV51: =IF(AS51>0,AS51^2,0) -> 117.87073 | AW51: =IF(AS51>0,AG51,0) -> 0.53456599 | AX51: =IF(AS51>0,AH51,1) -> 0.092107926
A52: ES051 | B52: S016 | C52: Darmawansah et al. (2025) | D52: 2025 | E52: Taiwan | F52: Higher education | G52: EFL / Language | H52: Intelligent tutoring / adaptive learning AI | I52: AI speaking app (speech recognition / adaptive feedback) - AI-based speaking learning app within GFCA model | J52: Yes | K52: Quasi-experiment, 2 intact classes | L52: Same AI app without GFCA model (AI-C) - active comparator | M52: 9 weeks | N52: 100 per week | O52: 1 to 4 months | P52: Cognitive | Q52: Skill-based outcome | S52: Pronunciation | T52: AI app speaking assessment | U52: Post-test | V52: 23 | Y52: 22 | AB52: z | AC52: 1.934 | AD52: 1 | AE52: =IFERROR(IF(AB52="MSD",IF(COUNT(V52,W52,X52,Y52,Z52,AA52)<6,"",(W52-Z52)/SQRT(((V52-1)*X52^2+(Y52-1)*AA52^2)/(V52+Y52-2))*AD52),IF(AB52="t",AC52*SQRT(1/V52+1/Y52)*AD52,IF(AB52="F",SQRT(AC52)*SQRT(1/V52+1/Y52)*AD52,IF(AB52="z",2*(AC52/SQRT(V52+Y52))/SQRT(1-(AC52/SQRT(V52+Y52))^2)*AD52,IF(AB52="t_paired",AC52/SQRT(V52)*AD52,""))))),"") -> 0.60217639 | AF52: =IF(AE52="","",IF(AB52="t_paired",1-3/(4*(V52-1)-1),1-3/(4*(V52+Y52)-9))) -> 0.98245614 | AG52: =IF(AE52="","",AE52*AF52) -> 0.5916119 | AH52: =IF(AG52="","",IF(AB52="t_paired",1/V52+AG52^2/(2*V52),(V52+Y52)/(V52*Y52)+AG52^2/(2*(V52+Y52)))) -> 0.092821747 | AI52: =IF(AH52="","",SQRT(AH52)) -> 0.30466662 | AJ52: =IF(AI52="","",AG52-1.96*AI52) -> -0.0055346702 | AK52: =IF(AI52="","",AG52+1.96*AI52) -> 1.1887585 | AL52: =IF(AI52="","",AG52/AI52) -> 1.9418337 | AM52: =IF(AL52="","",2*(1-NORMSDIST(ABS(AL52)))) -> 0.052157238 | AN52: =IF(COUNT(V52)=0,"",IF(AB52="t_paired",V52,V52+N(Y52))) -> 45 | AO52: =IF(AH52="","",1/AH52) -> 10.773337 | AP52: Y | AQ52: Extracted from uploaded paper (new study) | AR52: Table 3 | AS52: =IF(AND(AP52="Y",ISNUMBER(AO52)),AO52,0) -> 10.773337 | AT52: =IF(AS52>0,AS52*AG52,0) -> 6.3736346 | AU52: =IF(AS52>0,AS52*AG52^2,0) -> 3.7707181 | AV52: =IF(AS52>0,AS52^2,0) -> 116.0648 | AW52: =IF(AS52>0,AG52,0) -> 0.5916119 | AX52: =IF(AS52>0,AH52,1) -> 0.092821747
A53: ES052 | B53: S016 | C53: Darmawansah et al. (2025) | D53: 2025 | E53: Taiwan | F53: Higher education | G53: EFL / Language | H53: Intelligent tutoring / adaptive learning AI | I53: AI speaking app (speech recognition / adaptive feedback) - AI-based speaking learning app within GFCA model | J53: Yes | K53: Quasi-experiment, 2 intact classes | L53: Same AI app without GFCA model (AI-C) - active comparator | M53: 9 weeks | N53: 100 per week | O53: 1 to 4 months | P53: Cognitive | Q53: Skill-based outcome | S53: Role-play performance T1 | T53: Role-play rubric (Mann-Whitney) | U53: Post-test | V53: 23 | Y53: 22 | AB53: z | AC53: 2.622 | AD53: 1 | AE53: =IFERROR(IF(AB53="MSD",IF(COUNT(V53,W53,X53,Y53,Z53,AA53)<6,"",(W53-Z53)/SQRT(((V53-1)*X53^2+(Y53-1)*AA53^2)/(V53+Y53-2))*AD53),IF(AB53="t",AC53*SQRT(1/V53+1/Y53)*AD53,IF(AB53="F",SQRT(AC53)*SQRT(1/V53+1/Y53)*AD53,IF(AB53="z",2*(AC53/SQRT(V53+Y53))/SQRT(1-(AC53/SQRT(V53+Y53))^2)*AD53,IF(AB53="t_paired",AC53/SQRT(V53)*AD53,""))))),"") -> 0.84929212 | AF53: =IF(AE53="","",IF(AB53="t_paired",1-3/(4*(V53-1)-1),1-3/(4*(V53+Y53)-9))) -> 0.98245614 | AG53: =IF(AE53="","",AE53*AF53) -> 0.83439226 | AH53: =IF(AG53="","",IF(AB53="t_paired",1/V53+AG53^2/(2*V53),(V53+Y53)/(V53*Y53)+AG53^2/(2*(V53+Y53)))) -> 0.096668478 | AI53: =IF(AH53="","",SQRT(AH53)) -> 0.31091555 | AJ53: =IF(AI53="","",AG53-1.96*AI53) -> 0.22499779 | AK53: =IF(AI53="","",AG53+1.96*AI53) -> 1.4437867 | AL53: =IF(AI53="","",AG53/AI53) -> 2.6836621 | AM53: =IF(AL53="","",2*(1-NORMSDIST(ABS(AL53)))) -> 0.0072820672 | AN53: =IF(COUNT(V53)=0,"",IF(AB53="t_paired",V53,V53+N(Y53))) -> 45 | AO53: =IF(AH53="","",1/AH53) -> 10.344634 | AP53: Y | AQ53: Extracted from uploaded paper (new study) | AR53: Table 2; d from z: r=z/sqrt(N) | AS53: =IF(AND(AP53="Y",ISNUMBER(AO53)),AO53,0) -> 10.344634 | AT53: =IF(AS53>0,AS53*AG53,0) -> 8.6314824 | AU53: =IF(AS53>0,AS53*AG53^2,0) -> 7.2020421 | AV53: =IF(AS53>0,AS53^2,0) -> 107.01145 | AW53: =IF(AS53>0,AG53,0) -> 0.83439226 | AX53: =IF(AS53>0,AH53,1) -> 0.096668478
A54: ES053 | B54: S016 | C54: Darmawansah et al. (2025) | D54: 2025 | E54: Taiwan | F54: Higher education | G54: EFL / Language | H54: Intelligent tutoring / adaptive learning AI | I54: AI speaking app (speech recognition / adaptive feedback) - AI-based speaking learning app within GFCA model | J54: Yes | K54: Quasi-experiment, 2 intact classes | L54: Same AI app without GFCA model (AI-C) - active comparator | M54: 9 weeks | N54: 100 per week | O54: 1 to 4 months | P54: Cognitive | Q54: Skill-based outcome | S54: Role-play performance T2 | T54: Role-play rubric (Mann-Whitney) | U54: Post-test | V54: 23 | Y54: 22 | AB54: z | AC54: 2.559 | AD54: 1 | AE54: =IFERROR(IF(AB54="MSD",IF(COUNT(V54,W54,X54,Y54,Z54,AA54)<6,"",(W54-Z54)/SQRT(((V54-1)*X54^2+(Y54-1)*AA54^2)/(V54+Y54-2))*AD54),IF(AB54="t",AC54*SQRT(1/V54+1/Y54)*AD54,IF(AB54="F",SQRT(AC54)*SQRT(1/V54+1/Y54)*AD54,IF(AB54="z",2*(AC54/SQRT(V54+Y54))/SQRT(1-(AC54/SQRT(V54+Y54))^2)*AD54,IF(AB54="t_paired",AC54/SQRT(V54)*AD54,""))))),"") -> 0.82536022 | AF54: =IF(AE54="","",IF(AB54="t_paired",1-3/(4*(V54-1)-1),1-3/(4*(V54+Y54)-9))) -> 0.98245614 | AG54: =IF(AE54="","",AE54*AF54) -> 0.81088021 | AH54: =IF(AG54="","",IF(AB54="t_paired",1/V54+AG54^2/(2*V54),(V54+Y54)/(V54*Y54)+AG54^2/(2*(V54+Y54)))) -> 0.096238659 | AI54: =IF(AH54="","",SQRT(AH54)) -> 0.31022356 | AJ54: =IF(AI54="","",AG54-1.96*AI54) -> 0.20284203 | AK54: =IF(AI54="","",AG54+1.96*AI54) -> 1.4189184 | AL54: =IF(AI54="","",AG54/AI54) -> 2.6138576 | AM54: =IF(AL54="","",2*(1-NORMSDIST(ABS(AL54)))) -> 0.0089526345 | AN54: =IF(COUNT(V54)=0,"",IF(AB54="t_paired",V54,V54+N(Y54))) -> 45 | AO54: =IF(AH54="","",1/AH54) -> 10.390835 | AP54: Y | AQ54: Extracted from uploaded paper (new study) | AR54: Table 2 | AS54: =IF(AND(AP54="Y",ISNUMBER(AO54)),AO54,0) -> 10.390835 | AT54: =IF(AS54>0,AS54*AG54,0) -> 8.4257223 | AU54: =IF(AS54>0,AS54*AG54^2,0) -> 6.8322515 | AV54: =IF(AS54>0,AS54^2,0) -> 107.96945 | AW54: =IF(AS54>0,AG54,0) -> 0.81088021 | AX54: =IF(AS54>0,AH54,1) -> 0.096238659
A55: ES054 | B55: S016 | C55: Darmawansah et al. (2025) | D55: 2025 | E55: Taiwan | F55: Higher education | G55: EFL / Language | H55: Intelligent tutoring / adaptive learning AI | I55: AI speaking app (speech recognition / adaptive feedback) - AI-based speaking learning app within GFCA model | J55: Yes | K55: Quasi-experiment, 2 intact classes | L55: Same AI app without GFCA model (AI-C) - active comparator | M55: 9 weeks | N55: 100 per week | O55: 1 to 4 months | P55: Non-cognitive | Q55: Social competence | S55: Collaboration | T55: Interaction mindset questionnaire | U55: Post-test | V55: 23 | Y55: 22 | AB55: z | AC55: 2.331 | AD55: 1 | AE55: =IFERROR(IF(AB55="MSD",IF(COUNT(V55,W55,X55,Y55,Z55,AA55)<6,"",(W55-Z55)/SQRT(((V55-1)*X55^2+(Y55-1)*AA55^2)/(V55+Y55-2))*AD55),IF(AB55="t",AC55*SQRT(1/V55+1/Y55)*AD55,IF(AB55="F",SQRT(AC55)*SQRT(1/V55+1/Y55)*AD55,IF(AB55="z",2*(AC55/SQRT(V55+Y55))/SQRT(1-(AC55/SQRT(V55+Y55))^2)*AD55,IF(AB55="t_paired",AC55/SQRT(V55)*AD55,""))))),"") -> 0.74115456 | AF55: =IF(AE55="","",IF(AB55="t_paired",1-3/(4*(V55-1)-1),1-3/(4*(V55+Y55)-9))) -> 0.98245614 | AG55: =IF(AE55="","",AE55*AF55) -> 0.72815185 | AH55: =IF(AG55="","",IF(AB55="t_paired",1/V55+AG55^2/(2*V55),(V55+Y55)/(V55*Y55)+AG55^2/(2*(V55+Y55)))) -> 0.094823974 | AI55: =IF(AH55="","",SQRT(AH55)) -> 0.30793502 | AJ55: =IF(AI55="","",AG55-1.96*AI55) -> 0.12459922 | AK55: =IF(AI55="","",AG55+1.96*AI55) -> 1.3317045 | AL55: =IF(AI55="","",AG55/AI55) -> 2.3646283 | AM55: =IF(AL55="","",2*(1-NORMSDIST(ABS(AL55)))) -> 0.018048175 | AN55: =IF(COUNT(V55)=0,"",IF(AB55="t_paired",V55,V55+N(Y55))) -> 45 | AO55: =IF(AH55="","",1/AH55) -> 10.545856 | AP55: Y | AQ55: Extracted from uploaded paper (new study) | AR55: Table 7 | AS55: =IF(AND(AP55="Y",ISNUMBER(AO55)),AO55,0) -> 10.545856 | AT55: =IF(AS55>0,AS55*AG55,0) -> 7.6789847 | AU55: =IF(AS55>0,AS55*AG55^2,0) -> 5.5914669 | AV55: =IF(AS55>0,AS55^2,0) -> 111.21508 | AW55: =IF(AS55>0,AG55,0) -> 0.72815185 | AX55: =IF(AS55>0,AH55,1) -> 0.094823974
A56: ES055 | B56: S016 | C56: Darmawansah et al. (2025) | D56: 2025 | E56: Taiwan | F56: Higher education | G56: EFL / Language | H56: Intelligent tutoring / adaptive learning AI | I56: AI speaking app (speech recognition / adaptive feedback) - AI-based speaking learning app within GFCA model | J56: Yes | K56: Quasi-experiment, 2 intact classes | L56: Same AI app without GFCA model (AI-C) - active comparator | M56: 9 weeks | N56: 100 per week | O56: 1 to 4 months | P56: Non-cognitive | Q56: Social competence | S56: Peer interaction | T56: Interaction mindset questionnaire | U56: Post-test | V56: 23 | Y56: 22 | AB56: z | AC56: 2.176 | AD56: 1 | AE56: =IFERROR(IF(AB56="MSD",IF(COUNT(V56,W56,X56,Y56,Z56,AA56)<6,"",(W56-Z56)/SQRT(((V56-1)*X56^2+(Y56-1)*AA56^2)/(V56+Y56-2))*AD56),IF(AB56="t",AC56*SQRT(1/V56+1/Y56)*AD56,IF(AB56="F",SQRT(AC56)*SQRT(1/V56+1/Y56)*AD56,IF(AB56="z",2*(AC56/SQRT(V56+Y56))/SQRT(1-(AC56/SQRT(V56+Y56))^2)*AD56,IF(AB56="t_paired",AC56/SQRT(V56)*AD56,""))))),"") -> 0.68584331 | AF56: =IF(AE56="","",IF(AB56="t_paired",1-3/(4*(V56-1)-1),1-3/(4*(V56+Y56)-9))) -> 0.98245614 | AG56: =IF(AE56="","",AE56*AF56) -> 0.67381097 | AH56: =IF(AG56="","",IF(AB56="t_paired",1/V56+AG56^2/(2*V56),(V56+Y56)/(V56*Y56)+AG56^2/(2*(V56+Y56)))) -> 0.093977487 | AI56: =IF(AH56="","",SQRT(AH56)) -> 0.30655748 | AJ56: =IF(AI56="","",AG56-1.96*AI56) -> 0.072958315 | AK56: =IF(AI56="","",AG56+1.96*AI56) -> 1.2746636 | AL56: =IF(AI56="","",AG56/AI56) -> 2.1979923 | AM56: =IF(AL56="","",2*(1-NORMSDIST(ABS(AL56)))) -> 0.027949656 | AN56: =IF(COUNT(V56)=0,"",IF(AB56="t_paired",V56,V56+N(Y56))) -> 45 | AO56: =IF(AH56="","",1/AH56) -> 10.640846 | AP56: Y | AQ56: Extracted from uploaded paper (new study) | AR56: Table 7 | AS56: =IF(AND(AP56="Y",ISNUMBER(AO56)),AO56,0) -> 10.640846 | AT56: =IF(AS56>0,AS56*AG56,0) -> 7.169919 | AU56: =IF(AS56>0,AS56*AG56^2,0) -> 4.8311701 | AV56: =IF(AS56>0,AS56^2,0) -> 113.22761 | AW56: =IF(AS56>0,AG56,0) -> 0.67381097 | AX56: =IF(AS56>0,AH56,1) -> 0.093977487
A57: ES056 | B57: S016 | C57: Darmawansah et al. (2025) | D57: 2025 | E57: Taiwan | F57: Higher education | G57: EFL / Language | H57: Intelligent tutoring / adaptive learning AI | I57: AI speaking app (speech recognition / adaptive feedback) - AI-based speaking learning app within GFCA model | J57: Yes | K57: Quasi-experiment, 2 intact classes | L57: Same AI app without GFCA model (AI-C) - active comparator | M57: 9 weeks | N57: 100 per week | O57: 1 to 4 months | P57: Non-cognitive | Q57: Social competence | S57: Provision of peer feedback | T57: Interaction mindset questionnaire | U57: Post-test | V57: 23 | Y57: 22 | AB57: z | AC57: 2.725 | AD57: 1 | AE57: =IFERROR(IF(AB57="MSD",IF(COUNT(V57,W57,X57,Y57,Z57,AA57)<6,"",(W57-Z57)/SQRT(((V57-1)*X57^2+(Y57-1)*AA57^2)/(V57+Y57-2))*AD57),IF(AB57="t",AC57*SQRT(1/V57+1/Y57)*AD57,IF(AB57="F",SQRT(AC57)*SQRT(1/V57+1/Y57)*AD57,IF(AB57="z",2*(AC57/SQRT(V57+Y57))/SQRT(1-(AC57/SQRT(V57+Y57))^2)*AD57,IF(AB57="t_paired",AC57/SQRT(V57)*AD57,""))))),"") -> 0.88910002 | AF57: =IF(AE57="","",IF(AB57="t_paired",1-3/(4*(V57-1)-1),1-3/(4*(V57+Y57)-9))) -> 0.98245614 | AG57: =IF(AE57="","",AE57*AF57) -> 0.87350177 | AH57: =IF(AG57="","",IF(AB57="t_paired",1/V57+AG57^2/(2*V57),(V57+Y57)/(V57*Y57)+AG57^2/(2*(V57+Y57)))) -> 0.097410644 | AI57: =IF(AH57="","",SQRT(AH57)) -> 0.31210678 | AJ57: =IF(AI57="","",AG57-1.96*AI57) -> 0.26177248 | AK57: =IF(AI57="","",AG57+1.96*AI57) -> 1.4852311 | AL57: =IF(AI57="","",AG57/AI57) -> 2.7987273 | AM57: =IF(AL57="","",2*(1-NORMSDIST(ABS(AL57)))) -> 0.0051304445 | AN57: =IF(COUNT(V57)=0,"",IF(AB57="t_paired",V57,V57+N(Y57))) -> 45 | AO57: =IF(AH57="","",1/AH57) -> 10.265819 | AP57: Y | AQ57: Extracted from uploaded paper (new study) | AR57: Table 7 | AS57: =IF(AND(AP57="Y",ISNUMBER(AO57)),AO57,0) -> 10.265819 | AT57: =IF(AS57>0,AS57*AG57,0) -> 8.9672108 | AU57: =IF(AS57>0,AS57*AG57^2,0) -> 7.8328745 | AV57: =IF(AS57>0,AS57^2,0) -> 105.38703 | AW57: =IF(AS57>0,AG57,0) -> 0.87350177 | AX57: =IF(AS57>0,AH57,1) -> 0.097410644
A58: ES057 | B58: S016 | C58: Darmawansah et al. (2025) | D58: 2025 | E58: Taiwan | F58: Higher education | G58: EFL / Language | H58: Intelligent tutoring / adaptive learning AI | I58: AI speaking app (speech recognition / adaptive feedback) - AI-based speaking learning app within GFCA model | J58: Yes | K58: Quasi-experiment, 2 intact classes | L58: Same AI app without GFCA model (AI-C) - active comparator | M58: 9 weeks | N58: 100 per week | O58: 1 to 4 months | P58: Non-cognitive | Q58: Social competence | S58: Reception of peer feedback | T58: Interaction mindset questionnaire | U58: Post-test | V58: 23 | Y58: 22 | AB58: z | AC58: 1.596 | AD58: 1 | AE58: =IFERROR(IF(AB58="MSD",IF(COUNT(V58,W58,X58,Y58,Z58,AA58)<6,"",(W58-Z58)/SQRT(((V58-1)*X58^2+(Y58-1)*AA58^2)/(V58+Y58-2))*AD58),IF(AB58="t",AC58*SQRT(1/V58+1/Y58)*AD58,IF(AB58="F",SQRT(AC58)*SQRT(1/V58+1/Y58)*AD58,IF(AB58="z",2*(AC58/SQRT(V58+Y58))/SQRT(1-(AC58/SQRT(V58+Y58))^2)*AD58,IF(AB58="t_paired",AC58/SQRT(V58)*AD58,""))))),"") -> 0.48990266 | AF58: =IF(AE58="","",IF(AB58="t_paired",1-3/(4*(V58-1)-1),1-3/(4*(V58+Y58)-9))) -> 0.98245614 | AG58: =IF(AE58="","",AE58*AF58) -> 0.48130787 | AH58: =IF(AG58="","",IF(AB58="t_paired",1/V58+AG58^2/(2*V58),(V58+Y58)/(V58*Y58)+AG58^2/(2*(V58+Y58)))) -> 0.091506776 | AI58: =IF(AH58="","",SQRT(AH58)) -> 0.30250087 | AJ58: =IF(AI58="","",AG58-1.96*AI58) -> -0.11159383 | AK58: =IF(AI58="","",AG58+1.96*AI58) -> 1.0742096 | AL58: =IF(AI58="","",AG58/AI58) -> 1.5910958 | AM58: =IF(AL58="","",2*(1-NORMSDIST(ABS(AL58)))) -> 0.11158801 | AN58: =IF(COUNT(V58)=0,"",IF(AB58="t_paired",V58,V58+N(Y58))) -> 45 | AO58: =IF(AH58="","",1/AH58) -> 10.928152 | AP58: Y | AQ58: Extracted from uploaded paper (new study) | AR58: Table 7 (n.s.) | AS58: =IF(AND(AP58="Y",ISNUMBER(AO58)),AO58,0) -> 10.928152 | AT58: =IF(AS58>0,AS58*AG58,0) -> 5.2598058 | AU58: =IF(AS58>0,AS58*AG58^2,0) -> 2.531586 | AV58: =IF(AS58>0,AS58^2,0) -> 119.42452 | AW58: =IF(AS58>0,AG58,0) -> 0.48130787 | AX58: =IF(AS58>0,AH58,1) -> 0.091506776
A59: ES058 | B59: S017 | C59: Elmaadaway et al. (2025) | D59: 2025 | E59: Egypt | F59: Primary education (inferred from title) | G59: Not reported in source workbook | H59: Conversational AI / chatbot | I59: Chatbot | J59: Not reported | K59: Two-group comparison (per source workbook; verify design) | L59: Control group (per source workbook) | O59: Not reported | P59: Cognitive | Q59: Higher-order thinking skills | S59: Comprehension | T59: Achievement test | U59: Pre-test | V59: 45 | W59: 4.02 | X59: 0.812 | Y59: 45 | Z59: 4.04 | AA59: 0.824 | AB59: MSD | AD59: 1 | AE59: =IFERROR(IF(AB59="MSD",IF(COUNT(V59,W59,X59,Y59,Z59,AA59)<6,"",(W59-Z59)/SQRT(((V59-1)*X59^2+(Y59-1)*AA59^2)/(V59+Y59-2))*AD59),IF(AB59="t",AC59*SQRT(1/V59+1/Y59)*AD59,IF(AB59="F",SQRT(AC59)*SQRT(1/V59+1/Y59)*AD59,IF(AB59="z",2*(AC59/SQRT(V59+Y59))/SQRT(1-(AC59/SQRT(V59+Y59))^2)*AD59,IF(AB59="t_paired",AC59/SQRT(V59)*AD59,""))))),"") -> -0.02444922 | AF59: =IF(AE59="","",IF(AB59="t_paired",1-3/(4*(V59-1)-1),1-3/(4*(V59+Y59)-9))) -> 0.99145299 | AG59: =IF(AE59="","",AE59*AF59) -> -0.024240252 | AH59: =IF(AG59="","",IF(AB59="t_paired",1/V59+AG59^2/(2*V59),(V59+Y59)/(V59*Y59)+AG59^2/(2*(V59+Y59)))) -> 0.044447709 | AI59: =IF(AH59="","",SQRT(AH59)) -> 0.21082625 | AJ59: =IF(AI59="","",AG59-1.96*AI59) -> -0.43745971 | AK59: =IF(AI59="","",AG59+1.96*AI59) -> 0.3889792 | AL59: =IF(AI59="","",AG59/AI59) -> -0.11497739 | AM59: =IF(AL59="","",2*(1-NORMSDIST(ABS(AL59)))) -> 0.90846304 | AN59: =IF(COUNT(V59)=0,"",IF(AB59="t_paired",V59,V59+N(Y59))) -> 90 | AO59: =IF(AH59="","",1/AH59) -> 22.498348 | AP59: N | AQ59: Raw_Data_ES_Meta_Analysis_Study_2.xlsx | AS59: =IF(AND(AP59="Y",ISNUMBER(AO59)),AO59,0) -> 0 | AT59: =IF(AS59>0,AS59*AG59,0) -> 0 | AU59: =IF(AS59>0,AS59*AG59^2,0) -> 0 | AV59: =IF(AS59>0,AS59^2,0) -> 0 | AW59: =IF(AS59>0,AG59,0) -> 0 | AX59: =IF(AS59>0,AH59,1) -> 1
A60: ES059 | B60: S017 | C60: Elmaadaway et al. (2025) | D60: 2025 | E60: Egypt | F60: Primary education (inferred from title) | G60: Not reported in source workbook | H60: Conversational AI / chatbot | I60: Chatbot | J60: Not reported | K60: Two-group comparison (per source workbook; verify design) | L60: Control group (per source workbook) | O60: Not reported | P60: Cognitive | Q60: Higher-order thinking skills | S60: Comprehension | T60: Achievement test | U60: Post-test | V60: 45 | W60: 8.51 | X60: 0.869 | Y60: 45 | Z60: 4.49 | AA60: 0.944 | AB60: MSD | AD60: 1 | AE60: =IFERROR(IF(AB60="MSD",IF(COUNT(V60,W60,X60,Y60,Z60,AA60)<6,"",(W60-Z60)/SQRT(((V60-1)*X60^2+(Y60-1)*AA60^2)/(V60+Y60-2))*AD60),IF(AB60="t",AC60*SQRT(1/V60+1/Y60)*AD60,IF(AB60="F",SQRT(AC60)*SQRT(1/V60+1/Y60)*AD60,IF(AB60="z",2*(AC60/SQRT(V60+Y60))/SQRT(1-(AC60/SQRT(V60+Y60))^2)*AD60,IF(AB60="t_paired",AC60/SQRT(V60)*AD60,""))))),"") -> 4.4308491 | AF60: =IF(AE60="","",IF(AB60="t_paired",1-3/(4*(V60-1)-1),1-3/(4*(V60+Y60)-9))) -> 0.99145299 | AG60: =IF(AE60="","",AE60*AF60) -> 4.3929786 | AH60: =IF(AG60="","",IF(AB60="t_paired",1/V60+AG60^2/(2*V60),(V60+Y60)/(V60*Y60)+AG60^2/(2*(V60+Y60)))) -> 0.151657 | AI60: =IF(AH60="","",SQRT(AH60)) -> 0.38943164 | AJ60: =IF(AI60="","",AG60-1.96*AI60) -> 3.6296926 | AK60: =IF(AI60="","",AG60+1.96*AI60) -> 5.1562646 | AL60: =IF(AI60="","",AG60/AI60) -> 11.280487 | AM60: =IF(AL60="","",2*(1-NORMSDIST(ABS(AL60)))) -> 0 | AN60: =IF(COUNT(V60)=0,"",IF(AB60="t_paired",V60,V60+N(Y60))) -> 90 | AO60: =IF(AH60="","",1/AH60) -> 6.5938267 | AP60: Y | AQ60: Raw_Data_ES_Meta_Analysis_Study_2.xlsx | AS60: =IF(AND(AP60="Y",ISNUMBER(AO60)),AO60,0) -> 6.5938267 | AT60: =IF(AS60>0,AS60*AG60,0) -> 28.966539 | AU60: =IF(AS60>0,AS60*AG60^2,0) -> 127.24939 | AV60: =IF(AS60>0,AS60^2,0) -> 43.47855 | AW60: =IF(AS60>0,AG60,0) -> 4.3929786 | AX60: =IF(AS60>0,AH60,1) -> 0.151657
A61: ES060 | B61: S017 | C61: Elmaadaway et al. (2025) | D61: 2025 | E61: Egypt | F61: Primary education (inferred from title) | G61: Not reported in source workbook | H61: Conversational AI / chatbot | I61: Chatbot | J61: Not reported | K61: Two-group comparison (per source workbook; verify design) | L61: Control group (per source workbook) | O61: Not reported | P61: Cognitive | Q61: Knowledge-based outcome | S61: Vocabulary | T61: Achievement test | U61: Pre-test | V61: 45 | W61: 4.29 | X61: 1.058 | Y61: 45 | Z61: 4.18 | AA61: 1.114 | AB61: MSD | AD61: 1 | AE61: =IFERROR(IF(AB61="MSD",IF(COUNT(V61,W61,X61,Y61,Z61,AA61)<6,"",(W61-Z61)/SQRT(((V61-1)*X61^2+(Y61-1)*AA61^2)/(V61+Y61-2))*AD61),IF(AB61="t",AC61*SQRT(1/V61+1/Y61)*AD61,IF(AB61="F",SQRT(AC61)*SQRT(1/V61+1/Y61)*AD61,IF(AB61="z",2*(AC61/SQRT(V61+Y61))/SQRT(1-(AC61/SQRT(V61+Y61))^2)*AD61,IF(AB61="t_paired",AC61/SQRT(V61)*AD61,""))))),"") -> 0.10125549 | AF61: =IF(AE61="","",IF(AB61="t_paired",1-3/(4*(V61-1)-1),1-3/(4*(V61+Y61)-9))) -> 0.99145299 | AG61: =IF(AE61="","",AE61*AF61) -> 0.10039005 | AH61: =IF(AG61="","",IF(AB61="t_paired",1/V61+AG61^2/(2*V61),(V61+Y61)/(V61*Y61)+AG61^2/(2*(V61+Y61)))) -> 0.044500434 | AI61: =IF(AH61="","",SQRT(AH61)) -> 0.21095126 | AJ61: =IF(AI61="","",AG61-1.96*AI61) -> -0.31307442 | AK61: =IF(AI61="","",AG61+1.96*AI61) -> 0.51385452 | AL61: =IF(AI61="","",AG61/AI61) -> 0.47589217 | AM61: =IF(AL61="","",2*(1-NORMSDIST(ABS(AL61)))) -> 0.6341512 | AN61: =IF(COUNT(V61)=0,"",IF(AB61="t_paired",V61,V61+N(Y61))) -> 90 | AO61: =IF(AH61="","",1/AH61) -> 22.471691 | AP61: N | AQ61: Raw_Data_ES_Meta_Analysis_Study_2.xlsx | AS61: =IF(AND(AP61="Y",ISNUMBER(AO61)),AO61,0) -> 0 | AT61: =IF(AS61>0,AS61*AG61,0) -> 0 | AU61: =IF(AS61>0,AS61*AG61^2,0) -> 0 | AV61: =IF(AS61>0,AS61^2,0) -> 0 | AW61: =IF(AS61>0,AG61,0) -> 0 | AX61: =IF(AS61>0,AH61,1) -> 1
A62: ES061 | B62: S017 | C62: Elmaadaway et al. (2025) | D62: 2025 | E62: Egypt | F62: Primary education (inferred from title) | G62: Not reported in source workbook | H62: Conversational AI / chatbot | I62: Chatbot | J62: Not reported | K62: Two-group comparison (per source workbook; verify design) | L62: Control group (per source workbook) | O62: Not reported | P62: Cognitive | Q62: Knowledge-based outcome | S62: Vocabulary | T62: Achievement test | U62: Post-test | V62: 45 | W62: 8 | X62: 0.853 | Y62: 45 | Z62: 4.69 | AA62: 0.973 | AB62: MSD | AD62: 1 | AE62: =IFERROR(IF(AB62="MSD",IF(COUNT(V62,W62,X62,Y62,Z62,AA62)<6,"",(W62-Z62)/SQRT(((V62-1)*X62^2+(Y62-1)*AA62^2)/(V62+Y62-2))*AD62),IF(AB62="t",AC62*SQRT(1/V62+1/Y62)*AD62,IF(AB62="F",SQRT(AC62)*SQRT(1/V62+1/Y62)*AD62,IF(AB62="z",2*(AC62/SQRT(V62+Y62))/SQRT(1-(AC62/SQRT(V62+Y62))^2)*AD62,IF(AB62="t_paired",AC62/SQRT(V62)*AD62,""))))),"") -> 3.6176073 | AF62: =IF(AE62="","",IF(AB62="t_paired",1-3/(4*(V62-1)-1),1-3/(4*(V62+Y62)-9))) -> 0.99145299 | AG62: =IF(AE62="","",AE62*AF62) -> 3.5866876 | AH62: =IF(AG62="","",IF(AB62="t_paired",1/V62+AG62^2/(2*V62),(V62+Y62)/(V62*Y62)+AG62^2/(2*(V62+Y62)))) -> 0.11591293 | AI62: =IF(AH62="","",SQRT(AH62)) -> 0.34045988 | AJ62: =IF(AI62="","",AG62-1.96*AI62) -> 2.9193862 | AK62: =IF(AI62="","",AG62+1.96*AI62) -> 4.253989 | AL62: =IF(AI62="","",AG62/AI62) -> 10.534832 | AM62: =IF(AL62="","",2*(1-NORMSDIST(ABS(AL62)))) -> 0 | AN62: =IF(COUNT(V62)=0,"",IF(AB62="t_paired",V62,V62+N(Y62))) -> 90 | AO62: =IF(AH62="","",1/AH62) -> 8.627165 | AP62: Y | AQ62: Raw_Data_ES_Meta_Analysis_Study_2.xlsx | AS62: =IF(AND(AP62="Y",ISNUMBER(AO62)),AO62,0) -> 8.627165 | AT62: =IF(AS62>0,AS62*AG62,0) -> 30.942946 | AU62: =IF(AS62>0,AS62*AG62^2,0) -> 110.98268 | AV62: =IF(AS62>0,AS62^2,0) -> 74.427976 | AW62: =IF(AS62>0,AG62,0) -> 3.5866876 | AX62: =IF(AS62>0,AH62,1) -> 0.11591293
A63: ES062 | B63: S017 | C63: Elmaadaway et al. (2025) | D63: 2025 | E63: Egypt | F63: Primary education (inferred from title) | G63: Not reported in source workbook | H63: Conversational AI / chatbot | I63: Chatbot | J63: Not reported | K63: Two-group comparison (per source workbook; verify design) | L63: Control group (per source workbook) | O63: Not reported | P63: Cognitive | Q63: Skill-based outcome | S63: Fluency and accuracy | T63: Achievement test | U63: Pre-test | V63: 45 | W63: 8.93 | X63: 1.514 | Y63: 45 | Z63: 8.8 | AA63: 1.632 | AB63: MSD | AD63: 1 | AE63: =IFERROR(IF(AB63="MSD",IF(COUNT(V63,W63,X63,Y63,Z63,AA63)<6,"",(W63-Z63)/SQRT(((V63-1)*X63^2+(Y63-1)*AA63^2)/(V63+Y63-2))*AD63),IF(AB63="t",AC63*SQRT(1/V63+1/Y63)*AD63,IF(AB63="F",SQRT(AC63)*SQRT(1/V63+1/Y63)*AD63,IF(AB63="z",2*(AC63/SQRT(V63+Y63))/SQRT(1-(AC63/SQRT(V63+Y63))^2)*AD63,IF(AB63="t_paired",AC63/SQRT(V63)*AD63,""))))),"") -> 0.082586555 | AF63: =IF(AE63="","",IF(AB63="t_paired",1-3/(4*(V63-1)-1),1-3/(4*(V63+Y63)-9))) -> 0.99145299 | AG63: =IF(AE63="","",AE63*AF63) -> 0.081880687 | AH63: =IF(AG63="","",IF(AB63="t_paired",1/V63+AG63^2/(2*V63),(V63+Y63)/(V63*Y63)+AG63^2/(2*(V63+Y63)))) -> 0.044481691 | AI63: =IF(AH63="","",SQRT(AH63)) -> 0.21090683 | AJ63: =IF(AI63="","",AG63-1.96*AI63) -> -0.3314967 | AK63: =IF(AI63="","",AG63+1.96*AI63) -> 0.49525808 | AL63: =IF(AI63="","",AG63/AI63) -> 0.38823156 | AM63: =IF(AL63="","",2*(1-NORMSDIST(ABS(AL63)))) -> 0.69784468 | AN63: =IF(COUNT(V63)=0,"",IF(AB63="t_paired",V63,V63+N(Y63))) -> 90 | AO63: =IF(AH63="","",1/AH63) -> 22.48116 | AP63: N | AQ63: Raw_Data_ES_Meta_Analysis_Study_2.xlsx | AS63: =IF(AND(AP63="Y",ISNUMBER(AO63)),AO63,0) -> 0 | AT63: =IF(AS63>0,AS63*AG63,0) -> 0 | AU63: =IF(AS63>0,AS63*AG63^2,0) -> 0 | AV63: =IF(AS63>0,AS63^2,0) -> 0 | AW63: =IF(AS63>0,AG63,0) -> 0 | AX63: =IF(AS63>0,AH63,1) -> 1
A64: ES063 | B64: S017 | C64: Elmaadaway et al. (2025) | D64: 2025 | E64: Egypt | F64: Primary education (inferred from title) | G64: Not reported in source workbook | H64: Conversational AI / chatbot | I64: Chatbot | J64: Not reported | K64: Two-group comparison (per source workbook; verify design) | L64: Control group (per source workbook) | O64: Not reported | P64: Cognitive | Q64: Skill-based outcome | S64: Fluency and accuracy | T64: Achievement test | U64: Post-test | V64: 45 | W64: 14.82 | X64: 0.747 | Y64: 45 | Z64: 8.87 | AA64: 1.673 | AB64: MSD | AD64: 1 | AE64: =IFERROR(IF(AB64="MSD",IF(COUNT(V64,W64,X64,Y64,Z64,AA64)<6,"",(W64-Z64)/SQRT(((V64-1)*X64^2+(Y64-1)*AA64^2)/(V64+Y64-2))*AD64),IF(AB64="t",AC64*SQRT(1/V64+1/Y64)*AD64,IF(AB64="F",SQRT(AC64)*SQRT(1/V64+1/Y64)*AD64,IF(AB64="z",2*(AC64/SQRT(V64+Y64))/SQRT(1-(AC64/SQRT(V64+Y64))^2)*AD64,IF(AB64="t_paired",AC64/SQRT(V64)*AD64,""))))),"") -> 4.5926178 | AF64: =IF(AE64="","",IF(AB64="t_paired",1-3/(4*(V64-1)-1),1-3/(4*(V64+Y64)-9))) -> 0.99145299 | AG64: =IF(AE64="","",AE64*AF64) -> 4.5533646 | AH64: =IF(AG64="","",IF(AB64="t_paired",1/V64+AG64^2/(2*V64),(V64+Y64)/(V64*Y64)+AG64^2/(2*(V64+Y64)))) -> 0.1596285 | AI64: =IF(AH64="","",SQRT(AH64)) -> 0.39953535 | AJ64: =IF(AI64="","",AG64-1.96*AI64) -> 3.7702754 | AK64: =IF(AI64="","",AG64+1.96*AI64) -> 5.3364539 | AL64: =IF(AI64="","",AG64/AI64) -> 11.39665 | AM64: =IF(AL64="","",2*(1-NORMSDIST(ABS(AL64)))) -> 0 | AN64: =IF(COUNT(V64)=0,"",IF(AB64="t_paired",V64,V64+N(Y64))) -> 90 | AO64: =IF(AH64="","",1/AH64) -> 6.2645456 | AP64: Y | AQ64: Raw_Data_ES_Meta_Analysis_Study_2.xlsx | AS64: =IF(AND(AP64="Y",ISNUMBER(AO64)),AO64,0) -> 6.2645456 | AT64: =IF(AS64>0,AS64*AG64,0) -> 28.52476 | AU64: =IF(AS64>0,AS64*AG64^2,0) -> 129.88364 | AV64: =IF(AS64>0,AS64^2,0) -> 39.244531 | AW64: =IF(AS64>0,AG64,0) -> 4.5533646 | AX64: =IF(AS64>0,AH64,1) -> 0.1596285
A65: ES064 | B65: S017 | C65: Elmaadaway et al. (2025) | D65: 2025 | E65: Egypt | F65: Primary education (inferred from title) | G65: Not reported in source workbook | H65: Conversational AI / chatbot | I65: Chatbot | J65: Not reported | K65: Two-group comparison (per source workbook; verify design) | L65: Control group (per source workbook) | O65: Not reported | P65: Cognitive | Q65: Skill-based outcome | S65: Oral reading skill | T65: Oral reading test | U65: Pre-test | V65: 45 | W65: 17.24 | X65: 2.814 | Y65: 45 | Z65: 17.02 | AA65: 2.816 | AB65: MSD | AD65: 1 | AE65: =IFERROR(IF(AB65="MSD",IF(COUNT(V65,W65,X65,Y65,Z65,AA65)<6,"",(W65-Z65)/SQRT(((V65-1)*X65^2+(Y65-1)*AA65^2)/(V65+Y65-2))*AD65),IF(AB65="t",AC65*SQRT(1/V65+1/Y65)*AD65,IF(AB65="F",SQRT(AC65)*SQRT(1/V65+1/Y65)*AD65,IF(AB65="z",2*(AC65/SQRT(V65+Y65))/SQRT(1-(AC65/SQRT(V65+Y65))^2)*AD65,IF(AB65="t_paired",AC65/SQRT(V65)*AD65,""))))),"") -> 0.078152748 | AF65: =IF(AE65="","",IF(AB65="t_paired",1-3/(4*(V65-1)-1),1-3/(4*(V65+Y65)-9))) -> 0.99145299 | AG65: =IF(AE65="","",AE65*AF65) -> 0.077484776 | AH65: =IF(AG65="","",IF(AB65="t_paired",1/V65+AG65^2/(2*V65),(V65+Y65)/(V65*Y65)+AG65^2/(2*(V65+Y65)))) -> 0.044477799 | AI65: =IF(AH65="","",SQRT(AH65)) -> 0.2108976 | AJ65: =IF(AI65="","",AG65-1.96*AI65) -> -0.33587453 | AK65: =IF(AI65="","",AG65+1.96*AI65) -> 0.49084408 | AL65: =IF(AI65="","",AG65/AI65) -> 0.36740472 | AM65: =IF(AL65="","",2*(1-NORMSDIST(ABS(AL65)))) -> 0.71331715 | AN65: =IF(COUNT(V65)=0,"",IF(AB65="t_paired",V65,V65+N(Y65))) -> 90 | AO65: =IF(AH65="","",1/AH65) -> 22.483127 | AP65: N | AQ65: Raw_Data_ES_Meta_Analysis_Study_2.xlsx | AS65: =IF(AND(AP65="Y",ISNUMBER(AO65)),AO65,0) -> 0 | AT65: =IF(AS65>0,AS65*AG65,0) -> 0 | AU65: =IF(AS65>0,AS65*AG65^2,0) -> 0 | AV65: =IF(AS65>0,AS65^2,0) -> 0 | AW65: =IF(AS65>0,AG65,0) -> 0 | AX65: =IF(AS65>0,AH65,1) -> 1
A66: ES065 | B66: S017 | C66: Elmaadaway et al. (2025) | D66: 2025 | E66: Egypt | F66: Primary education (inferred from title) | G66: Not reported in source workbook | H66: Conversational AI / chatbot | I66: Chatbot | J66: Not reported | K66: Two-group comparison (per source workbook; verify design) | L66: Control group (per source workbook) | O66: Not reported | P66: Cognitive | Q66: Skill-based outcome | S66: Oral reading skill | T66: Oral reading test | U66: Post-test | V66: 45 | W66: 31.33 | X66: 1.796 | Y66: 45 | Z66: 18.04 | AA66: 2.73 | AB66: MSD | AD66: 1 | AE66: =IFERROR(IF(AB66="MSD",IF(COUNT(V66,W66,X66,Y66,Z66,AA66)<6,"",(W66-Z66)/SQRT(((V66-1)*X66^2+(Y66-1)*AA66^2)/(V66+Y66-2))*AD66),IF(AB66="t",AC66*SQRT(1/V66+1/Y66)*AD66,IF(AB66="F",SQRT(AC66)*SQRT(1/V66+1/Y66)*AD66,IF(AB66="z",2*(AC66/SQRT(V66+Y66))/SQRT(1-(AC66/SQRT(V66+Y66))^2)*AD66,IF(AB66="t_paired",AC66/SQRT(V66)*AD66,""))))),"") -> 5.7515451 | AF66: =IF(AE66="","",IF(AB66="t_paired",1-3/(4*(V66-1)-1),1-3/(4*(V66+Y66)-9))) -> 0.99145299 | AG66: =IF(AE66="","",AE66*AF66) -> 5.7023866 | AH66: =IF(AG66="","",IF(AB66="t_paired",1/V66+AG66^2/(2*V66),(V66+Y66)/(V66*Y66)+AG66^2/(2*(V66+Y66)))) -> 0.22509563 | AI66: =IF(AH66="","",SQRT(AH66)) -> 0.47444244 | AJ66: =IF(AI66="","",AG66-1.96*AI66) -> 4.7724794 | AK66: =IF(AI66="","",AG66+1.96*AI66) -> 6.6322937 | AL66: =IF(AI66="","",AG66/AI66) -> 12.019133 | AM66: =IF(AL66="","",2*(1-NORMSDIST(ABS(AL66)))) -> 0 | AN66: =IF(COUNT(V66)=0,"",IF(AB66="t_paired",V66,V66+N(Y66))) -> 90 | AO66: =IF(AH66="","",1/AH66) -> 4.4425564 | AP66: Y | AQ66: Raw_Data_ES_Meta_Analysis_Study_2.xlsx | AS66: =IF(AND(AP66="Y",ISNUMBER(AO66)),AO66,0) -> 4.4425564 | AT66: =IF(AS66>0,AS66*AG66,0) -> 25.333174 | AU66: =IF(AS66>0,AS66*AG66^2,0) -> 144.45955 | AV66: =IF(AS66>0,AS66^2,0) -> 19.736307 | AW66: =IF(AS66>0,AG66,0) -> 5.7023866 | AX66: =IF(AS66>0,AH66,1) -> 0.22509563
A67: ES066 | B67: S018 | C67: Essel et al. (2022) | D67: 2022 | E67: Ghana | F67: Higher education | G67: Not reported in source workbook | H67: Conversational AI / chatbot | I67: Conversational AI | J67: Not reported | K67: Two-group comparison (per source workbook; verify design) | L67: Control group (per source workbook) | M67: 16 | O67: 1 to 4 months | P67: Cognitive | Q67: Knowledge-based outcome | S67: Course Achiement | T67: Achievement test | U67: Pre-test | V67: 34 | W67: 40.6 | X67: 4.95 | Y67: 34 | Z67: 43.4 | AA67: 0.49 | AB67: MSD | AD67: 1 | AE67: =IFERROR(IF(AB67="MSD",IF(COUNT(V67,W67,X67,Y67,Z67,AA67)<6,"",(W67-Z67)/SQRT(((V67-1)*X67^2+(Y67-1)*AA67^2)/(V67+Y67-2))*AD67),IF(AB67="t",AC67*SQRT(1/V67+1/Y67)*AD67,IF(AB67="F",SQRT(AC67)*SQRT(1/V67+1/Y67)*AD67,IF(AB67="z",2*(AC67/SQRT(V67+Y67))/SQRT(1-(AC67/SQRT(V67+Y67))^2)*AD67,IF(AB67="t_paired",AC67/SQRT(V67)*AD67,""))))),"") -> -0.79606836 | AF67: =IF(AE67="","",IF(AB67="t_paired",1-3/(4*(V67-1)-1),1-3/(4*(V67+Y67)-9))) -> 0.98859316 | AG67: =IF(AE67="","",AE67*AF67) -> -0.78698773 | AH67: =IF(AG67="","",IF(AB67="t_paired",1/V67+AG67^2/(2*V67),(V67+Y67)/(V67*Y67)+AG67^2/(2*(V67+Y67)))) -> 0.063377571 | AI67: =IF(AH67="","",SQRT(AH67)) -> 0.25174902 | AJ67: =IF(AI67="","",AG67-1.96*AI67) -> -1.2804158 | AK67: =IF(AI67="","",AG67+1.96*AI67) -> -0.29355964 | AL67: =IF(AI67="","",AG67/AI67) -> -3.1260806 | AM67: =IF(AL67="","",2*(1-NORMSDIST(ABS(AL67)))) -> 0.0017715302 | AN67: =IF(COUNT(V67)=0,"",IF(AB67="t_paired",V67,V67+N(Y67))) -> 68 | AO67: =IF(AH67="","",1/AH67) -> 15.778453 | AP67: N | AQ67: Very_New_Cognitive_Higher_Edcn_Effect_Size.xlsx | AR67: Same data also in WB5: 'Course Achiement' (uncoded) | AS67: =IF(AND(AP67="Y",ISNUMBER(AO67)),AO67,0) -> 0 | AT67: =IF(AS67>0,AS67*AG67,0) -> 0 | AU67: =IF(AS67>0,AS67*AG67^2,0) -> 0 | AV67: =IF(AS67>0,AS67^2,0) -> 0 | AW67: =IF(AS67>0,AG67,0) -> 0 | AX67: =IF(AS67>0,AH67,1) -> 1
A68: ES067 | B68: S018 | C68: Essel et al. (2022) | D68: 2022 | E68: Ghana | F68: Higher education | G68: Not reported in source workbook | H68: Conversational AI / chatbot | I68: Conversational AI | J68: Not reported | K68: Two-group comparison (per source workbook; verify design) | L68: Control group (per source workbook) | M68: 16 | O68: 1 to 4 months | P68: Cognitive | Q68: Knowledge-based outcome | S68: Course Achiement | T68: Achievement test | U68: Post-test | V68: 34 | W68: 81.1 | X68: 3.19 | Y68: 34 | Z68: 65.2 | AA68: 3.73 | AB68: MSD | AD68: 1 | AE68: =IFERROR(IF(AB68="MSD",IF(COUNT(V68,W68,X68,Y68,Z68,AA68)<6,"",(W68-Z68)/SQRT(((V68-1)*X68^2+(Y68-1)*AA68^2)/(V68+Y68-2))*AD68),IF(AB68="t",AC68*SQRT(1/V68+1/Y68)*AD68,IF(AB68="F",SQRT(AC68)*SQRT(1/V68+1/Y68)*AD68,IF(AB68="z",2*(AC68/SQRT(V68+Y68))/SQRT(1-(AC68/SQRT(V68+Y68))^2)*AD68,IF(AB68="t_paired",AC68/SQRT(V68)*AD68,""))))),"") -> 4.5814477 | AF68: =IF(AE68="","",IF(AB68="t_paired",1-3/(4*(V68-1)-1),1-3/(4*(V68+Y68)-9))) -> 0.98859316 | AG68: =IF(AE68="","",AE68*AF68) -> 4.5291879 | AH68: =IF(AG68="","",IF(AB68="t_paired",1/V68+AG68^2/(2*V68),(V68+Y68)/(V68*Y68)+AG68^2/(2*(V68+Y68)))) -> 0.2096584 | AI68: =IF(AH68="","",SQRT(AH68)) -> 0.4578847 | AJ68: =IF(AI68="","",AG68-1.96*AI68) -> 3.6317339 | AK68: =IF(AI68="","",AG68+1.96*AI68) -> 5.4266419 | AL68: =IF(AI68="","",AG68/AI68) -> 9.8915466 | AM68: =IF(AL68="","",2*(1-NORMSDIST(ABS(AL68)))) -> 0 | AN68: =IF(COUNT(V68)=0,"",IF(AB68="t_paired",V68,V68+N(Y68))) -> 68 | AO68: =IF(AH68="","",1/AH68) -> 4.7696633 | AP68: Y | AQ68: Very_New_Cognitive_Higher_Edcn_Effect_Size.xlsx | AR68: Same data also in WB5: 'Course Achiement' (uncoded) | AS68: =IF(AND(AP68="Y",ISNUMBER(AO68)),AO68,0) -> 4.7696633 | AT68: =IF(AS68>0,AS68*AG68,0) -> 21.602701 | AU68: =IF(AS68>0,AS68*AG68^2,0) -> 97.842693 | AV68: =IF(AS68>0,AS68^2,0) -> 22.749688 | AW68: =IF(AS68>0,AG68,0) -> 4.5291879 | AX68: =IF(AS68>0,AH68,1) -> 0.2096584
A69: ES068 | B69: S019 | C69: Fang et al. (2025) | D69: 2025 | E69: China | F69: Secondary education (inferred from title) | G69: Not reported in source workbook | H69: Generative AI (LLM-based) | I69: GenAI | J69: Not reported | K69: Two-group comparison (per source workbook; verify design) | L69: Control group (per source workbook) | M69: 4 (1) | N69: 40 | O69: 1 week to 1 month | P69: Cognitive | Q69: Higher-order thinking skills | S69: Computational thinking | T69: Programming test | U69: Post-test | V69: 40 | W69: 3.5 | X69: 0.4 | Y69: 40 | Z69: 3.39 | AA69: 0.45 | AB69: MSD | AD69: 1 | AE69: =IFERROR(IF(AB69="MSD",IF(COUNT(V69,W69,X69,Y69,Z69,AA69)<6,"",(W69-Z69)/SQRT(((V69-1)*X69^2+(Y69-1)*AA69^2)/(V69+Y69-2))*AD69),IF(AB69="t",AC69*SQRT(1/V69+1/Y69)*AD69,IF(AB69="F",SQRT(AC69)*SQRT(1/V69+1/Y69)*AD69,IF(AB69="z",2*(AC69/SQRT(V69+Y69))/SQRT(1-(AC69/SQRT(V69+Y69))^2)*AD69,IF(AB69="t_paired",AC69/SQRT(V69)*AD69,""))))),"") -> 0.2583769 | AF69: =IF(AE69="","",IF(AB69="t_paired",1-3/(4*(V69-1)-1),1-3/(4*(V69+Y69)-9))) -> 0.9903537 | AG69: =IF(AE69="","",AE69*AF69) -> 0.25588451 | AH69: =IF(AG69="","",IF(AB69="t_paired",1/V69+AG69^2/(2*V69),(V69+Y69)/(V69*Y69)+AG69^2/(2*(V69+Y69)))) -> 0.050409231 | AI69: =IF(AH69="","",SQRT(AH69)) -> 0.22452 | AJ69: =IF(AI69="","",AG69-1.96*AI69) -> -0.18417469 | AK69: =IF(AI69="","",AG69+1.96*AI69) -> 0.69594372 | AL69: =IF(AI69="","",AG69/AI69) -> 1.1396959 | AM69: =IF(AL69="","",2*(1-NORMSDIST(ABS(AL69)))) -> 0.25441303 | AN69: =IF(COUNT(V69)=0,"",IF(AB69="t_paired",V69,V69+N(Y69))) -> 80 | AO69: =IF(AH69="","",1/AH69) -> 19.837637 | AP69: Y | AQ69: Raw_Data_ES_Meta_Analysis_Study_2.xlsx | AS69: =IF(AND(AP69="Y",ISNUMBER(AO69)),AO69,0) -> 19.837637 | AT69: =IF(AS69>0,AS69*AG69,0) -> 5.076144 | AU69: =IF(AS69>0,AS69*AG69^2,0) -> 1.2989067 | AV69: =IF(AS69>0,AS69^2,0) -> 393.53183 | AW69: =IF(AS69>0,AG69,0) -> 0.25588451 | AX69: =IF(AS69>0,AH69,1) -> 0.050409231
A70: ES069 | B70: S019 | C70: Fang et al. (2025) | D70: 2025 | E70: China | F70: Secondary education (inferred from title) | G70: Not reported in source workbook | H70: Generative AI (LLM-based) | I70: GenAI | J70: Not reported | K70: Two-group comparison (per source workbook; verify design) | L70: Control group (per source workbook) | M70: 4 (1) | N70: 40 | O70: 1 week to 1 month | P70: Cognitive | Q70: Skill-based outcome | S70: Learning performance | T70: Programming test | U70: Post-test | V70: 40 | W70: 73.75 | X70: 11.42 | Y70: 40 | Z70: 67.75 | AA70: 10.69 | AB70: MSD | AD70: 1 | AE70: =IFERROR(IF(AB70="MSD",IF(COUNT(V70,W70,X70,Y70,Z70,AA70)<6,"",(W70-Z70)/SQRT(((V70-1)*X70^2+(Y70-1)*AA70^2)/(V70+Y70-2))*AD70),IF(AB70="t",AC70*SQRT(1/V70+1/Y70)*AD70,IF(AB70="F",SQRT(AC70)*SQRT(1/V70+1/Y70)*AD70,IF(AB70="z",2*(AC70/SQRT(V70+Y70))/SQRT(1-(AC70/SQRT(V70+Y70))^2)*AD70,IF(AB70="t_paired",AC70/SQRT(V70)*AD70,""))))),"") -> 0.54244526 | AF70: =IF(AE70="","",IF(AB70="t_paired",1-3/(4*(V70-1)-1),1-3/(4*(V70+Y70)-9))) -> 0.9903537 | AG70: =IF(AE70="","",AE70*AF70) -> 0.53721267 | AH70: =IF(AG70="","",IF(AB70="t_paired",1/V70+AG70^2/(2*V70),(V70+Y70)/(V70*Y70)+AG70^2/(2*(V70+Y70)))) -> 0.051803734 | AI70: =IF(AH70="","",SQRT(AH70)) -> 0.22760434 | AJ70: =IF(AI70="","",AG70-1.96*AI70) -> 0.09110817 | AK70: =IF(AI70="","",AG70+1.96*AI70) -> 0.98331717 | AL70: =IF(AI70="","",AG70/AI70) -> 2.3602919 | AM70: =IF(AL70="","",2*(1-NORMSDIST(ABS(AL70)))) -> 0.018260561 | AN70: =IF(COUNT(V70)=0,"",IF(AB70="t_paired",V70,V70+N(Y70))) -> 80 | AO70: =IF(AH70="","",1/AH70) -> 19.303628 | AP70: Y | AQ70: Raw_Data_ES_Meta_Analysis_Study_2.xlsx | AS70: =IF(AND(AP70="Y",ISNUMBER(AO70)),AO70,0) -> 19.303628 | AT70: =IF(AS70>0,AS70*AG70,0) -> 10.370153 | AU70: =IF(AS70>0,AS70*AG70^2,0) -> 5.5709778 | AV70: =IF(AS70>0,AS70^2,0) -> 372.63005 | AW70: =IF(AS70>0,AG70,0) -> 0.53721267 | AX70: =IF(AS70>0,AH70,1) -> 0.051803734
A71: ES070 | B71: S020 | C71: Fathi et al. (2024) | D71: 2024 | E71: Iran | F71: Higher education | G71: Not reported in source workbook | H71: Generative AI (LLM-based) | I71: GenAI | J71: Not reported | K71: Two-group comparison (per source workbook; verify design) | L71: Control group (per source workbook) | M71: 12 (60) | N71: 20 | O71: 1 to 4 months | P71: Cognitive | Q71: Higher-order thinking skills | S71: Grammatical range and Accuracy | T71: IELTS test | U71: Pre-test | V71: 33 | W71: 6.14 | X71: 1.01 | Y71: 32 | Z71: 6 | AA71: 0.91 | AB71: MSD | AD71: 1 | AE71: =IFERROR(IF(AB71="MSD",IF(COUNT(V71,W71,X71,Y71,Z71,AA71)<6,"",(W71-Z71)/SQRT(((V71-1)*X71^2+(Y71-1)*AA71^2)/(V71+Y71-2))*AD71),IF(AB71="t",AC71*SQRT(1/V71+1/Y71)*AD71,IF(AB71="F",SQRT(AC71)*SQRT(1/V71+1/Y71)*AD71,IF(AB71="z",2*(AC71/SQRT(V71+Y71))/SQRT(1-(AC71/SQRT(V71+Y71))^2)*AD71,IF(AB71="t_paired",AC71/SQRT(V71)*AD71,""))))),"") -> 0.14551601 | AF71: =IF(AE71="","",IF(AB71="t_paired",1-3/(4*(V71-1)-1),1-3/(4*(V71+Y71)-9))) -> 0.98804781 | AG71: =IF(AE71="","",AE71*AF71) -> 0.14377677 | AH71: =IF(AG71="","",IF(AB71="t_paired",1/V71+AG71^2/(2*V71),(V71+Y71)/(V71*Y71)+AG71^2/(2*(V71+Y71)))) -> 0.061712044 | AI71: =IF(AH71="","",SQRT(AH71)) -> 0.24841909 | AJ71: =IF(AI71="","",AG71-1.96*AI71) -> -0.34312464 | AK71: =IF(AI71="","",AG71+1.96*AI71) -> 0.63067819 | AL71: =IF(AI71="","",AG71/AI71) -> 0.57876701 | AM71: =IF(AL71="","",2*(1-NORMSDIST(ABS(AL71)))) -> 0.56274639 | AN71: =IF(COUNT(V71)=0,"",IF(AB71="t_paired",V71,V71+N(Y71))) -> 65 | AO71: =IF(AH71="","",1/AH71) -> 16.204292 | AP71: N | AQ71: Very_New_Cognitive_Higher_Edcn_Effect_Size.xlsx | AR71: Same data also in WB5: 'Accuracy' (uncoded) | AS71: =IF(AND(AP71="Y",ISNUMBER(AO71)),AO71,0) -> 0 | AT71: =IF(AS71>0,AS71*AG71,0) -> 0 | AU71: =IF(AS71>0,AS71*AG71^2,0) -> 0 | AV71: =IF(AS71>0,AS71^2,0) -> 0 | AW71: =IF(AS71>0,AG71,0) -> 0 | AX71: =IF(AS71>0,AH71,1) -> 1
A72: ES071 | B72: S020 | C72: Fathi et al. (2024) | D72: 2024 | E72: Iran | F72: Higher education | G72: Not reported in source workbook | H72: Generative AI (LLM-based) | I72: GenAI | J72: Not reported | K72: Two-group comparison (per source workbook; verify design) | L72: Control group (per source workbook) | M72: 12 (60) | N72: 20 | O72: 1 to 4 months | P72: Cognitive | Q72: Higher-order thinking skills | S72: Grammatical range and Accuracy | T72: IELTS test | U72: Post-test | V72: 33 | W72: 6.93 | X72: 0.94 | Y72: 32 | Z72: 6.16 | AA72: 0.9 | AB72: MSD | AD72: 1 | AE72: =IFERROR(IF(AB72="MSD",IF(COUNT(V72,W72,X72,Y72,Z72,AA72)<6,"",(W72-Z72)/SQRT(((V72-1)*X72^2+(Y72-1)*AA72^2)/(V72+Y72-2))*AD72),IF(AB72="t",AC72*SQRT(1/V72+1/Y72)*AD72,IF(AB72="F",SQRT(AC72)*SQRT(1/V72+1/Y72)*AD72,IF(AB72="z",2*(AC72/SQRT(V72+Y72))/SQRT(1-(AC72/SQRT(V72+Y72))^2)*AD72,IF(AB72="t_paired",AC72/SQRT(V72)*AD72,""))))),"") -> 0.83647037 | AF72: =IF(AE72="","",IF(AB72="t_paired",1-3/(4*(V72-1)-1),1-3/(4*(V72+Y72)-9))) -> 0.98804781 | AG72: =IF(AE72="","",AE72*AF72) -> 0.82647272 | AH72: =IF(AG72="","",IF(AB72="t_paired",1/V72+AG72^2/(2*V72),(V72+Y72)/(V72*Y72)+AG72^2/(2*(V72+Y72)))) -> 0.066807316 | AI72: =IF(AH72="","",SQRT(AH72)) -> 0.25847111 | AJ72: =IF(AI72="","",AG72-1.96*AI72) -> 0.31986934 | AK72: =IF(AI72="","",AG72+1.96*AI72) -> 1.3330761 | AL72: =IF(AI72="","",AG72/AI72) -> 3.1975439 | AM72: =IF(AL72="","",2*(1-NORMSDIST(ABS(AL72)))) -> 0.0013860333 | AN72: =IF(COUNT(V72)=0,"",IF(AB72="t_paired",V72,V72+N(Y72))) -> 65 | AO72: =IF(AH72="","",1/AH72) -> 14.968421 | AP72: Y | AQ72: Very_New_Cognitive_Higher_Edcn_Effect_Size.xlsx | AR72: Same data also in WB5: 'Accuracy' (uncoded) | AS72: =IF(AND(AP72="Y",ISNUMBER(AO72)),AO72,0) -> 14.968421 | AT72: =IF(AS72>0,AS72*AG72,0) -> 12.370991 | AU72: =IF(AS72>0,AS72*AG72^2,0) -> 10.224287 | AV72: =IF(AS72>0,AS72^2,0) -> 224.05361 | AW72: =IF(AS72>0,AG72,0) -> 0.82647272 | AX72: =IF(AS72>0,AH72,1) -> 0.066807316
A73: ES072 | B73: S020 | C73: Fathi et al. (2024) | D73: 2024 | E73: Iran | F73: Higher education | G73: Not reported in source workbook | H73: Generative AI (LLM-based) | I73: GenAI | J73: Not reported | K73: Two-group comparison (per source workbook; verify design) | L73: Control group (per source workbook) | M73: 12 (60) | N73: 20 | O73: 1 to 4 months | P73: Cognitive | Q73: Higher-order thinking skills | S73: Lexicon | T73: IELTS test | U73: Pre-test | V73: 33 | W73: 5.08 | X73: 0.94 | Y73: 32 | Z73: 5.29 | AA73: 0.97 | AB73: MSD | AD73: 1 | AE73: =IFERROR(IF(AB73="MSD",IF(COUNT(V73,W73,X73,Y73,Z73,AA73)<6,"",(W73-Z73)/SQRT(((V73-1)*X73^2+(Y73-1)*AA73^2)/(V73+Y73-2))*AD73),IF(AB73="t",AC73*SQRT(1/V73+1/Y73)*AD73,IF(AB73="F",SQRT(AC73)*SQRT(1/V73+1/Y73)*AD73,IF(AB73="z",2*(AC73/SQRT(V73+Y73))/SQRT(1-(AC73/SQRT(V73+Y73))^2)*AD73,IF(AB73="t_paired",AC73/SQRT(V73)*AD73,""))))),"") -> -0.21992299 | AF73: =IF(AE73="","",IF(AB73="t_paired",1-3/(4*(V73-1)-1),1-3/(4*(V73+Y73)-9))) -> 0.98804781 | AG73: =IF(AE73="","",AE73*AF73) -> -0.21729443 | AH73: =IF(AG73="","",IF(AB73="t_paired",1/V73+AG73^2/(2*V73),(V73+Y73)/(V73*Y73)+AG73^2/(2*(V73+Y73)))) -> 0.061916237 | AI73: =IF(AH73="","",SQRT(AH73)) -> 0.24882973 | AJ73: =IF(AI73="","",AG73-1.96*AI73) -> -0.70500071 | AK73: =IF(AI73="","",AG73+1.96*AI73) -> 0.27041185 | AL73: =IF(AI73="","",AG73/AI73) -> -0.87326553 | AM73: =IF(AL73="","",2*(1-NORMSDIST(ABS(AL73)))) -> 0.38251836 | AN73: =IF(COUNT(V73)=0,"",IF(AB73="t_paired",V73,V73+N(Y73))) -> 65 | AO73: =IF(AH73="","",1/AH73) -> 16.150852 | AP73: N | AQ73: Very_New_Cognitive_Higher_Edcn_Effect_Size.xlsx | AR73: Same data also in WB5: 'Lexicon' (uncoded) | AS73: =IF(AND(AP73="Y",ISNUMBER(AO73)),AO73,0) -> 0 | AT73: =IF(AS73>0,AS73*AG73,0) -> 0 | AU73: =IF(AS73>0,AS73*AG73^2,0) -> 0 | AV73: =IF(AS73>0,AS73^2,0) -> 0 | AW73: =IF(AS73>0,AG73,0) -> 0 | AX73: =IF(AS73>0,AH73,1) -> 1
A74: ES073 | B74: S020 | C74: Fathi et al. (2024) | D74: 2024 | E74: Iran | F74: Higher education | G74: Not reported in source workbook | H74: Generative AI (LLM-based) | I74: GenAI | J74: Not reported | K74: Two-group comparison (per source workbook; verify design) | L74: Control group (per source workbook) | M74: 12 (60) | N74: 20 | O74: 1 to 4 months | P74: Cognitive | Q74: Higher-order thinking skills | S74: Lexicon | T74: IELTS test | U74: Post-test | V74: 33 | W74: 6.28 | X74: 0.79 | Y74: 32 | Z74: 5.58 | AA74: 0.84 | AB74: MSD | AD74: 1 | AE74: =IFERROR(IF(AB74="MSD",IF(COUNT(V74,W74,X74,Y74,Z74,AA74)<6,"",(W74-Z74)/SQRT(((V74-1)*X74^2+(Y74-1)*AA74^2)/(V74+Y74-2))*AD74),IF(AB74="t",AC74*SQRT(1/V74+1/Y74)*AD74,IF(AB74="F",SQRT(AC74)*SQRT(1/V74+1/Y74)*AD74,IF(AB74="z",2*(AC74/SQRT(V74+Y74))/SQRT(1-(AC74/SQRT(V74+Y74))^2)*AD74,IF(AB74="t_paired",AC74/SQRT(V74)*AD74,""))))),"") -> 0.85890982 | AF74: =IF(AE74="","",IF(AB74="t_paired",1-3/(4*(V74-1)-1),1-3/(4*(V74+Y74)-9))) -> 0.98804781 | AG74: =IF(AE74="","",AE74*AF74) -> 0.84864396 | AH74: =IF(AG74="","",IF(AB74="t_paired",1/V74+AG74^2/(2*V74),(V74+Y74)/(V74*Y74)+AG74^2/(2*(V74+Y74)))) -> 0.067093004 | AI74: =IF(AH74="","",SQRT(AH74)) -> 0.25902317 | AJ74: =IF(AI74="","",AG74-1.96*AI74) -> 0.34095854 | AK74: =IF(AI74="","",AG74+1.96*AI74) -> 1.3563294 | AL74: =IF(AI74="","",AG74/AI74) -> 3.2763245 | AM74: =IF(AL74="","",2*(1-NORMSDIST(ABS(AL74)))) -> 0.0010516766 | AN74: =IF(COUNT(V74)=0,"",IF(AB74="t_paired",V74,V74+N(Y74))) -> 65 | AO74: =IF(AH74="","",1/AH74) -> 14.904684 | AP74: Y | AQ74: Very_New_Cognitive_Higher_Edcn_Effect_Size.xlsx | AR74: Same data also in WB5: 'Lexicon' (uncoded) | AS74: =IF(AND(AP74="Y",ISNUMBER(AO74)),AO74,0) -> 14.904684 | AT74: =IF(AS74>0,AS74*AG74,0) -> 12.64877 | AU74: =IF(AS74>0,AS74*AG74^2,0) -> 10.734302 | AV74: =IF(AS74>0,AS74^2,0) -> 222.1496 | AW74: =IF(AS74>0,AG74,0) -> 0.84864396 | AX74: =IF(AS74>0,AH74,1) -> 0.067093004
A75: ES074 | B75: S020 | C75: Fathi et al. (2024) | D75: 2024 | E75: Iran | F75: Higher education | G75: Not reported in source workbook | H75: Generative AI (LLM-based) | I75: GenAI | J75: Not reported | K75: Two-group comparison (per source workbook; verify design) | L75: Control group (per source workbook) | M75: 12 (60) | N75: 20 | O75: 1 to 4 months | P75: Cognitive | Q75: Skill-based outcome | S75: Fluency and Coherence | T75: IELTS test | U75: Pre-test | V75: 33 | W75: 5.95 | X75: 1.03 | Y75: 32 | Z75: 5.86 | AA75: 0.87 | AB75: MSD | AD75: 1 | AE75: =IFERROR(IF(AB75="MSD",IF(COUNT(V75,W75,X75,Y75,Z75,AA75)<6,"",(W75-Z75)/SQRT(((V75-1)*X75^2+(Y75-1)*AA75^2)/(V75+Y75-2))*AD75),IF(AB75="t",AC75*SQRT(1/V75+1/Y75)*AD75,IF(AB75="F",SQRT(AC75)*SQRT(1/V75+1/Y75)*AD75,IF(AB75="z",2*(AC75/SQRT(V75+Y75))/SQRT(1-(AC75/SQRT(V75+Y75))^2)*AD75,IF(AB75="t_paired",AC75/SQRT(V75)*AD75,""))))),"") -> 0.094277661 | AF75: =IF(AE75="","",IF(AB75="t_paired",1-3/(4*(V75-1)-1),1-3/(4*(V75+Y75)-9))) -> 0.98804781 | AG75: =IF(AE75="","",AE75*AF75) -> 0.093150836 | AH75: =IF(AG75="","",IF(AB75="t_paired",1/V75+AG75^2/(2*V75),(V75+Y75)/(V75*Y75)+AG75^2/(2*(V75+Y75)))) -> 0.061619777 | AI75: =IF(AH75="","",SQRT(AH75)) -> 0.24823331 | AJ75: =IF(AI75="","",AG75-1.96*AI75) -> -0.39338645 | AK75: =IF(AI75="","",AG75+1.96*AI75) -> 0.57968813 | AL75: =IF(AI75="","",AG75/AI75) -> 0.37525518 | AM75: =IF(AL75="","",2*(1-NORMSDIST(ABS(AL75)))) -> 0.7074707 | AN75: =IF(COUNT(V75)=0,"",IF(AB75="t_paired",V75,V75+N(Y75))) -> 65 | AO75: =IF(AH75="","",1/AH75) -> 16.228556 | AP75: N | AQ75: Very_New_Cognitive_Higher_Edcn_Effect_Size.xlsx | AR75: Same data also in WB5: 'Fluency' (uncoded) | AS75: =IF(AND(AP75="Y",ISNUMBER(AO75)),AO75,0) -> 0 | AT75: =IF(AS75>0,AS75*AG75,0) -> 0 | AU75: =IF(AS75>0,AS75*AG75^2,0) -> 0 | AV75: =IF(AS75>0,AS75^2,0) -> 0 | AW75: =IF(AS75>0,AG75,0) -> 0 | AX75: =IF(AS75>0,AH75,1) -> 1
A76: ES075 | B76: S020 | C76: Fathi et al. (2024) | D76: 2024 | E76: Iran | F76: Higher education | G76: Not reported in source workbook | H76: Generative AI (LLM-based) | I76: GenAI | J76: Not reported | K76: Two-group comparison (per source workbook; verify design) | L76: Control group (per source workbook) | M76: 12 (60) | N76: 20 | O76: 1 to 4 months | P76: Cognitive | Q76: Skill-based outcome | S76: Fluency and Coherence | T76: IELTS test | U76: Post-test | V76: 33 | W76: 6.53 | X76: 1.14 | Y76: 32 | Z76: 5.97 | AA76: 0.79 | AB76: MSD | AD76: 1 | AE76: =IFERROR(IF(AB76="MSD",IF(COUNT(V76,W76,X76,Y76,Z76,AA76)<6,"",(W76-Z76)/SQRT(((V76-1)*X76^2+(Y76-1)*AA76^2)/(V76+Y76-2))*AD76),IF(AB76="t",AC76*SQRT(1/V76+1/Y76)*AD76,IF(AB76="F",SQRT(AC76)*SQRT(1/V76+1/Y76)*AD76,IF(AB76="z",2*(AC76/SQRT(V76+Y76))/SQRT(1-(AC76/SQRT(V76+Y76))^2)*AD76,IF(AB76="t_paired",AC76/SQRT(V76)*AD76,""))))),"") -> 0.56941301 | AF76: =IF(AE76="","",IF(AB76="t_paired",1-3/(4*(V76-1)-1),1-3/(4*(V76+Y76)-9))) -> 0.98804781 | AG76: =IF(AE76="","",AE76*AF76) -> 0.56260728 | AH76: =IF(AG76="","",IF(AB76="t_paired",1/V76+AG76^2/(2*V76),(V76+Y76)/(V76*Y76)+AG76^2/(2*(V76+Y76)))) -> 0.063987853 | AI76: =IF(AH76="","",SQRT(AH76)) -> 0.2529582 | AJ76: =IF(AI76="","",AG76-1.96*AI76) -> 0.0668092 | AK76: =IF(AI76="","",AG76+1.96*AI76) -> 1.0584054 | AL76: =IF(AI76="","",AG76/AI76) -> 2.2241116 | AM76: =IF(AL76="","",2*(1-NORMSDIST(ABS(AL76)))) -> 0.026140935 | AN76: =IF(COUNT(V76)=0,"",IF(AB76="t_paired",V76,V76+N(Y76))) -> 65 | AO76: =IF(AH76="","",1/AH76) -> 15.627966 | AP76: Y | AQ76: Very_New_Cognitive_Higher_Edcn_Effect_Size.xlsx | AR76: Same data also in WB5: 'Fluency' (uncoded) | AS76: =IF(AND(AP76="Y",ISNUMBER(AO76)),AO76,0) -> 15.627966 | AT76: =IF(AS76>0,AS76*AG76,0) -> 8.7924075 | AU76: =IF(AS76>0,AS76*AG76^2,0) -> 4.9466725 | AV76: =IF(AS76>0,AS76^2,0) -> 244.23333 | AW76: =IF(AS76>0,AG76,0) -> 0.56260728 | AX76: =IF(AS76>0,AH76,1) -> 0.063987853
A77: ES076 | B77: S020 | C77: Fathi et al. (2024) | D77: 2024 | E77: Iran | F77: Higher education | G77: Not reported in source workbook | H77: Generative AI (LLM-based) | I77: GenAI | J77: Not reported | K77: Two-group comparison (per source workbook; verify design) | L77: Control group (per source workbook) | M77: 12 (60) | N77: 20 | O77: 1 to 4 months | P77: Cognitive | Q77: Skill-based outcome | S77: Pronunciation | T77: IELTS test | U77: Pre-test | V77: 33 | W77: 5.26 | X77: 0.97 | Y77: 32 | Z77: 5.04 | AA77: 1.01 | AB77: MSD | AD77: 1 | AE77: =IFERROR(IF(AB77="MSD",IF(COUNT(V77,W77,X77,Y77,Z77,AA77)<6,"",(W77-Z77)/SQRT(((V77-1)*X77^2+(Y77-1)*AA77^2)/(V77+Y77-2))*AD77),IF(AB77="t",AC77*SQRT(1/V77+1/Y77)*AD77,IF(AB77="F",SQRT(AC77)*SQRT(1/V77+1/Y77)*AD77,IF(AB77="z",2*(AC77/SQRT(V77+Y77))/SQRT(1-(AC77/SQRT(V77+Y77))^2)*AD77,IF(AB77="t_paired",AC77/SQRT(V77)*AD77,""))))),"") -> 0.22224814 | AF77: =IF(AE77="","",IF(AB77="t_paired",1-3/(4*(V77-1)-1),1-3/(4*(V77+Y77)-9))) -> 0.98804781 | AG77: =IF(AE77="","",AE77*AF77) -> 0.21959179 | AH77: =IF(AG77="","",IF(AB77="t_paired",1/V77+AG77^2/(2*V77),(V77+Y77)/(V77*Y77)+AG77^2/(2*(V77+Y77)))) -> 0.061923958 | AI77: =IF(AH77="","",SQRT(AH77)) -> 0.24884525 | AJ77: =IF(AI77="","",AG77-1.96*AI77) -> -0.2681449 | AK77: =IF(AI77="","",AG77+1.96*AI77) -> 0.70732847 | AL77: =IF(AI77="","",AG77/AI77) -> 0.88244316 | AM77: =IF(AL77="","",2*(1-NORMSDIST(ABS(AL77)))) -> 0.37753721 | AN77: =IF(COUNT(V77)=0,"",IF(AB77="t_paired",V77,V77+N(Y77))) -> 65 | AO77: =IF(AH77="","",1/AH77) -> 16.148839 | AP77: N | AQ77: Very_New_Cognitive_Higher_Edcn_Effect_Size.xlsx | AR77: Same data also in WB5: 'Pronunciation' (uncoded) | AS77: =IF(AND(AP77="Y",ISNUMBER(AO77)),AO77,0) -> 0 | AT77: =IF(AS77>0,AS77*AG77,0) -> 0 | AU77: =IF(AS77>0,AS77*AG77^2,0) -> 0 | AV77: =IF(AS77>0,AS77^2,0) -> 0 | AW77: =IF(AS77>0,AG77,0) -> 0 | AX77: =IF(AS77>0,AH77,1) -> 1
A78: ES077 | B78: S020 | C78: Fathi et al. (2024) | D78: 2024 | E78: Iran | F78: Higher education | G78: Not reported in source workbook | H78: Generative AI (LLM-based) | I78: GenAI | J78: Not reported | K78: Two-group comparison (per source workbook; verify design) | L78: Control group (per source workbook) | M78: 12 (60) | N78: 20 | O78: 1 to 4 months | P78: Cognitive | Q78: Skill-based outcome | S78: Pronunciation | T78: IELTS test | U78: Post-test | V78: 33 | W78: 6.83 | X78: 0.9 | Y78: 32 | Z78: 6.08 | AA78: 0.89 | AB78: MSD | AD78: 1 | AE78: =IFERROR(IF(AB78="MSD",IF(COUNT(V78,W78,X78,Y78,Z78,AA78)<6,"",(W78-Z78)/SQRT(((V78-1)*X78^2+(Y78-1)*AA78^2)/(V78+Y78-2))*AD78),IF(AB78="t",AC78*SQRT(1/V78+1/Y78)*AD78,IF(AB78="F",SQRT(AC78)*SQRT(1/V78+1/Y78)*AD78,IF(AB78="z",2*(AC78/SQRT(V78+Y78))/SQRT(1-(AC78/SQRT(V78+Y78))^2)*AD78,IF(AB78="t_paired",AC78/SQRT(V78)*AD78,""))))),"") -> 0.83790145 | AF78: =IF(AE78="","",IF(AB78="t_paired",1-3/(4*(V78-1)-1),1-3/(4*(V78+Y78)-9))) -> 0.98804781 | AG78: =IF(AE78="","",AE78*AF78) -> 0.8278867 | AH78: =IF(AG78="","",IF(AB78="t_paired",1/V78+AG78^2/(2*V78),(V78+Y78)/(V78*Y78)+AG78^2/(2*(V78+Y78)))) -> 0.06682531 | AI78: =IF(AH78="","",SQRT(AH78)) -> 0.25850592 | AJ78: =IF(AI78="","",AG78-1.96*AI78) -> 0.32121509 | AK78: =IF(AI78="","",AG78+1.96*AI78) -> 1.3345583 | AL78: =IF(AI78="","",AG78/AI78) -> 3.2025831 | AM78: =IF(AL78="","",2*(1-NORMSDIST(ABS(AL78)))) -> 0.0013620098 | AN78: =IF(COUNT(V78)=0,"",IF(AB78="t_paired",V78,V78+N(Y78))) -> 65 | AO78: =IF(AH78="","",1/AH78) -> 14.96439 | AP78: Y | AQ78: Very_New_Cognitive_Higher_Edcn_Effect_Size.xlsx | AR78: Same data also in WB5: 'Pronunciation' (uncoded) | AS78: =IF(AND(AP78="Y",ISNUMBER(AO78)),AO78,0) -> 14.96439 | AT78: =IF(AS78>0,AS78*AG78,0) -> 12.388819 | AU78: =IF(AS78>0,AS78*AG78^2,0) -> 10.256539 | AV78: =IF(AS78>0,AS78^2,0) -> 223.93297 | AW78: =IF(AS78>0,AG78,0) -> 0.8278867 | AX78: =IF(AS78>0,AH78,1) -> 0.06682531
A79: ES078 | B79: S021 | C79: Feng and Wang (2023) | D79: 2023 | E79: China | F79: Primary education (inferred from title) | G79: Not reported in source workbook | H79: AI educational robot | I79: AI educational robot | J79: Not reported | K79: Two-group comparison (per source workbook; verify design) | L79: Control group (per source workbook) | M79: 24(120) | N79: 112 | O79: More than 4 months | P79: Cognitive | Q79: Skill-based outcome | S79: Chinese reading comprehension | T79: Bilingual proficiency test | U79: Pre-test | V79: 43 | W79: 57.81 | X79: 5.23 | Y79: 42 | Z79: 58.33 | AA79: 5.33 | AB79: MSD | AD79: 1 | AE79: =IFERROR(IF(AB79="MSD",IF(COUNT(V79,W79,X79,Y79,Z79,AA79)<6,"",(W79-Z79)/SQRT(((V79-1)*X79^2+(Y79-1)*AA79^2)/(V79+Y79-2))*AD79),IF(AB79="t",AC79*SQRT(1/V79+1/Y79)*AD79,IF(AB79="F",SQRT(AC79)*SQRT(1/V79+1/Y79)*AD79,IF(AB79="z",2*(AC79/SQRT(V79+Y79))/SQRT(1-(AC79/SQRT(V79+Y79))^2)*AD79,IF(AB79="t_paired",AC79/SQRT(V79)*AD79,""))))),"") -> -0.09849167 | AF79: =IF(AE79="","",IF(AB79="t_paired",1-3/(4*(V79-1)-1),1-3/(4*(V79+Y79)-9))) -> 0.99093656 | AG79: =IF(AE79="","",AE79*AF79) -> -0.097598996 | AH79: =IF(AG79="","",IF(AB79="t_paired",1/V79+AG79^2/(2*V79),(V79+Y79)/(V79*Y79)+AG79^2/(2*(V79+Y79)))) -> 0.04712137 | AI79: =IF(AH79="","",SQRT(AH79)) -> 0.21707457 | AJ79: =IF(AI79="","",AG79-1.96*AI79) -> -0.52306516 | AK79: =IF(AI79="","",AG79+1.96*AI79) -> 0.32786717 | AL79: =IF(AI79="","",AG79/AI79) -> -0.44961045 | AM79: =IF(AL79="","",2*(1-NORMSDIST(ABS(AL79)))) -> 0.65299135 | AN79: =IF(COUNT(V79)=0,"",IF(AB79="t_paired",V79,V79+N(Y79))) -> 85 | AO79: =IF(AH79="","",1/AH79) -> 21.221794 | AP79: N | AQ79: Raw_Data_ES_Meta_Analysis_Study_2.xlsx | AS79: =IF(AND(AP79="Y",ISNUMBER(AO79)),AO79,0) -> 0 | AT79: =IF(AS79>0,AS79*AG79,0) -> 0 | AU79: =IF(AS79>0,AS79*AG79^2,0) -> 0 | AV79: =IF(AS79>0,AS79^2,0) -> 0 | AW79: =IF(AS79>0,AG79,0) -> 0 | AX79: =IF(AS79>0,AH79,1) -> 1
A80: ES079 | B80: S021 | C80: Feng and Wang (2023) | D80: 2023 | E80: China | F80: Primary education (inferred from title) | G80: Not reported in source workbook | H80: AI educational robot | I80: AI educational robot | J80: Not reported | K80: Two-group comparison (per source workbook; verify design) | L80: Control group (per source workbook) | M80: 24(120) | N80: 112 | O80: More than 4 months | P80: Cognitive | Q80: Skill-based outcome | S80: Chinese reading comprehension | T80: Bilingual proficiency test | U80: Post-test | V80: 43 | W80: 82.45 | X80: 7.92 | Y80: 42 | Z80: 71.62 | AA80: 7.03 | AB80: MSD | AD80: 1 | AE80: =IFERROR(IF(AB80="MSD",IF(COUNT(V80,W80,X80,Y80,Z80,AA80)<6,"",(W80-Z80)/SQRT(((V80-1)*X80^2+(Y80-1)*AA80^2)/(V80+Y80-2))*AD80),IF(AB80="t",AC80*SQRT(1/V80+1/Y80)*AD80,IF(AB80="F",SQRT(AC80)*SQRT(1/V80+1/Y80)*AD80,IF(AB80="z",2*(AC80/SQRT(V80+Y80))/SQRT(1-(AC80/SQRT(V80+Y80))^2)*AD80,IF(AB80="t_paired",AC80/SQRT(V80)*AD80,""))))),"") -> 1.4452363 | AF80: =IF(AE80="","",IF(AB80="t_paired",1-3/(4*(V80-1)-1),1-3/(4*(V80+Y80)-9))) -> 0.99093656 | AG80: =IF(AE80="","",AE80*AF80) -> 1.4321375 | AH80: =IF(AG80="","",IF(AB80="t_paired",1/V80+AG80^2/(2*V80),(V80+Y80)/(V80*Y80)+AG80^2/(2*(V80+Y80)))) -> 0.059130148 | AI80: =IF(AH80="","",SQRT(AH80)) -> 0.24316691 | AJ80: =IF(AI80="","",AG80-1.96*AI80) -> 0.95553035 | AK80: =IF(AI80="","",AG80+1.96*AI80) -> 1.9087447 | AL80: =IF(AI80="","",AG80/AI80) -> 5.8895245 | AM80: =IF(AL80="","",2*(1-NORMSDIST(ABS(AL80)))) -> 3.8730841e-09 | AN80: =IF(COUNT(V80)=0,"",IF(AB80="t_paired",V80,V80+N(Y80))) -> 85 | AO80: =IF(AH80="","",1/AH80) -> 16.911847 | AP80: Y | AQ80: Raw_Data_ES_Meta_Analysis_Study_2.xlsx | AS80: =IF(AND(AP80="Y",ISNUMBER(AO80)),AO80,0) -> 16.911847 | AT80: =IF(AS80>0,AS80*AG80,0) -> 24.22009 | AU80: =IF(AS80>0,AS80*AG80^2,0) -> 34.686499 | AV80: =IF(AS80>0,AS80^2,0) -> 286.01056 | AW80: =IF(AS80>0,AG80,0) -> 1.4321375 | AX80: =IF(AS80>0,AH80,1) -> 0.059130148
A81: ES080 | B81: S021 | C81: Feng and Wang (2023) | D81: 2023 | E81: China | F81: Primary education (inferred from title) | G81: Not reported in source workbook | H81: AI educational robot | I81: AI educational robot | J81: Not reported | K81: Two-group comparison (per source workbook; verify design) | L81: Control group (per source workbook) | M81: 24(120) | N81: 112 | O81: More than 4 months | P81: Cognitive | Q81: Skill-based outcome | S81: Englis speaking | T81: Bilingual proficiency test | U81: Pre-test | V81: 43 | W81: 32.56 | X81: 2.74 | Y81: 42 | Z81: 33.12 | AA81: 3.25 | AB81: MSD | AD81: 1 | AE81: =IFERROR(IF(AB81="MSD",IF(COUNT(V81,W81,X81,Y81,Z81,AA81)<6,"",(W81-Z81)/SQRT(((V81-1)*X81^2+(Y81-1)*AA81^2)/(V81+Y81-2))*AD81),IF(AB81="t",AC81*SQRT(1/V81+1/Y81)*AD81,IF(AB81="F",SQRT(AC81)*SQRT(1/V81+1/Y81)*AD81,IF(AB81="z",2*(AC81/SQRT(V81+Y81))/SQRT(1-(AC81/SQRT(V81+Y81))^2)*AD81,IF(AB81="t_paired",AC81/SQRT(V81)*AD81,""))))),"") -> -0.18649427 | AF81: =IF(AE81="","",IF(AB81="t_paired",1-3/(4*(V81-1)-1),1-3/(4*(V81+Y81)-9))) -> 0.99093656 | AG81: =IF(AE81="","",AE81*AF81) -> -0.18480399 | AH81: =IF(AG81="","",IF(AB81="t_paired",1/V81+AG81^2/(2*V81),(V81+Y81)/(V81*Y81)+AG81^2/(2*(V81+Y81)))) -> 0.047266235 | AI81: =IF(AH81="","",SQRT(AH81)) -> 0.21740799 | AJ81: =IF(AI81="","",AG81-1.96*AI81) -> -0.61092365 | AK81: =IF(AI81="","",AG81+1.96*AI81) -> 0.24131567 | AL81: =IF(AI81="","",AG81/AI81) -> -0.8500331 | AM81: =IF(AL81="","",2*(1-NORMSDIST(ABS(AL81)))) -> 0.39530668 | AN81: =IF(COUNT(V81)=0,"",IF(AB81="t_paired",V81,V81+N(Y81))) -> 85 | AO81: =IF(AH81="","",1/AH81) -> 21.156752 | AP81: N | AQ81: Raw_Data_ES_Meta_Analysis_Study_2.xlsx | AS81: =IF(AND(AP81="Y",ISNUMBER(AO81)),AO81,0) -> 0 | AT81: =IF(AS81>0,AS81*AG81,0) -> 0 | AU81: =IF(AS81>0,AS81*AG81^2,0) -> 0 | AV81: =IF(AS81>0,AS81^2,0) -> 0 | AW81: =IF(AS81>0,AG81,0) -> 0 | AX81: =IF(AS81>0,AH81,1) -> 1
A82: ES081 | B82: S021 | C82: Feng and Wang (2023) | D82: 2023 | E82: China | F82: Primary education (inferred from title) | G82: Not reported in source workbook | H82: AI educational robot | I82: AI educational robot | J82: Not reported | K82: Two-group comparison (per source workbook; verify design) | L82: Control group (per source workbook) | M82: 24(120) | N82: 112 | O82: More than 4 months | P82: Cognitive | Q82: Skill-based outcome | S82: English reading comprehension | T82: Bilingual proficiency test | U82: Pre-test | V82: 43 | W82: 23.62 | X82: 1.97 | Y82: 42 | Z82: 24.53 | AA82: 2.41 | AB82: MSD | AD82: 1 | AE82: =IFERROR(IF(AB82="MSD",IF(COUNT(V82,W82,X82,Y82,Z82,AA82)<6,"",(W82-Z82)/SQRT(((V82-1)*X82^2+(Y82-1)*AA82^2)/(V82+Y82-2))*AD82),IF(AB82="t",AC82*SQRT(1/V82+1/Y82)*AD82,IF(AB82="F",SQRT(AC82)*SQRT(1/V82+1/Y82)*AD82,IF(AB82="z",2*(AC82/SQRT(V82+Y82))/SQRT(1-(AC82/SQRT(V82+Y82))^2)*AD82,IF(AB82="t_paired",AC82/SQRT(V82)*AD82,""))))),"") -> -0.4139405 | AF82: =IF(AE82="","",IF(AB82="t_paired",1-3/(4*(V82-1)-1),1-3/(4*(V82+Y82)-9))) -> 0.99093656 | AG82: =IF(AE82="","",AE82*AF82) -> -0.41018877 | AH82: =IF(AG82="","",IF(AB82="t_paired",1/V82+AG82^2/(2*V82),(V82+Y82)/(V82*Y82)+AG82^2/(2*(V82+Y82)))) -> 0.048055072 | AI82: =IF(AH82="","",SQRT(AH82)) -> 0.21921467 | AJ82: =IF(AI82="","",AG82-1.96*AI82) -> -0.83984953 | AK82: =IF(AI82="","",AG82+1.96*AI82) -> 0.019471981 | AL82: =IF(AI82="","",AG82/AI82) -> -1.8711739 | AM82: =IF(AL82="","",2*(1-NORMSDIST(ABS(AL82)))) -> 0.061320979 | AN82: =IF(COUNT(V82)=0,"",IF(AB82="t_paired",V82,V82+N(Y82))) -> 85 | AO82: =IF(AH82="","",1/AH82) -> 20.809458 | AP82: N | AQ82: Raw_Data_ES_Meta_Analysis_Study_2.xlsx | AS82: =IF(AND(AP82="Y",ISNUMBER(AO82)),AO82,0) -> 0 | AT82: =IF(AS82>0,AS82*AG82,0) -> 0 | AU82: =IF(AS82>0,AS82*AG82^2,0) -> 0 | AV82: =IF(AS82>0,AS82^2,0) -> 0 | AW82: =IF(AS82>0,AG82,0) -> 0 | AX82: =IF(AS82>0,AH82,1) -> 1
A83: ES082 | B83: S021 | C83: Feng and Wang (2023) | D83: 2023 | E83: China | F83: Primary education (inferred from title) | G83: Not reported in source workbook | H83: AI educational robot | I83: AI educational robot | J83: Not reported | K83: Two-group comparison (per source workbook; verify design) | L83: Control group (per source workbook) | M83: 24(120) | N83: 112 | O83: More than 4 months | P83: Cognitive | Q83: Skill-based outcome | S83: English reading comprehension | T83: Bilingual proficiency test | U83: Post-test | V83: 43 | W83: 63.67 | X83: 6.22 | Y83: 42 | Z83: 27.71 | AA83: 2.83 | AB83: MSD | AD83: 1 | AE83: =IFERROR(IF(AB83="MSD",IF(COUNT(V83,W83,X83,Y83,Z83,AA83)<6,"",(W83-Z83)/SQRT(((V83-1)*X83^2+(Y83-1)*AA83^2)/(V83+Y83-2))*AD83),IF(AB83="t",AC83*SQRT(1/V83+1/Y83)*AD83,IF(AB83="F",SQRT(AC83)*SQRT(1/V83+1/Y83)*AD83,IF(AB83="z",2*(AC83/SQRT(V83+Y83))/SQRT(1-(AC83/SQRT(V83+Y83))^2)*AD83,IF(AB83="t_paired",AC83/SQRT(V83)*AD83,""))))),"") -> 7.4127053 | AF83: =IF(AE83="","",IF(AB83="t_paired",1-3/(4*(V83-1)-1),1-3/(4*(V83+Y83)-9))) -> 0.99093656 | AG83: =IF(AE83="","",AE83*AF83) -> 7.3455206 | AH83: =IF(AG83="","",IF(AB83="t_paired",1/V83+AG83^2/(2*V83),(V83+Y83)/(V83*Y83)+AG83^2/(2*(V83+Y83)))) -> 0.36445753 | AI83: =IF(AH83="","",SQRT(AH83)) -> 0.60370318 | AJ83: =IF(AI83="","",AG83-1.96*AI83) -> 6.1622624 | AK83: =IF(AI83="","",AG83+1.96*AI83) -> 8.5287789 | AL83: =IF(AI83="","",AG83/AI83) -> 12.167437 | AM83: =IF(AL83="","",2*(1-NORMSDIST(ABS(AL83)))) -> 0 | AN83: =IF(COUNT(V83)=0,"",IF(AB83="t_paired",V83,V83+N(Y83))) -> 85 | AO83: =IF(AH83="","",1/AH83) -> 2.7438039 | AP83: Y | AQ83: Raw_Data_ES_Meta_Analysis_Study_2.xlsx | AS83: =IF(AND(AP83="Y",ISNUMBER(AO83)),AO83,0) -> 2.7438039 | AT83: =IF(AS83>0,AS83*AG83,0) -> 20.154668 | AU83: =IF(AS83>0,AS83*AG83^2,0) -> 148.04653 | AV83: =IF(AS83>0,AS83^2,0) -> 7.5284598 | AW83: =IF(AS83>0,AG83,0) -> 7.3455206 | AX83: =IF(AS83>0,AH83,1) -> 0.36445753
A84: ES083 | B84: S021 | C84: Feng and Wang (2023) | D84: 2023 | E84: China | F84: Primary education (inferred from title) | G84: Not reported in source workbook | H84: AI educational robot | I84: AI educational robot | J84: Not reported | K84: Two-group comparison (per source workbook; verify design) | L84: Control group (per source workbook) | M84: 24(120) | N84: 112 | O84: More than 4 months | P84: Cognitive | Q84: Skill-based outcome | S84: English speaking | T84: Bilingual proficiency test | U84: Post-test | V84: 43 | W84: 77.08 | X84: 8.63 | Y84: 42 | Z84: 33.84 | AA84: 3.45 | AB84: MSD | AD84: 1 | AE84: =IFERROR(IF(AB84="MSD",IF(COUNT(V84,W84,X84,Y84,Z84,AA84)<6,"",(W84-Z84)/SQRT(((V84-1)*X84^2+(Y84-1)*AA84^2)/(V84+Y84-2))*AD84),IF(AB84="t",AC84*SQRT(1/V84+1/Y84)*AD84,IF(AB84="F",SQRT(AC84)*SQRT(1/V84+1/Y84)*AD84,IF(AB84="z",2*(AC84/SQRT(V84+Y84))/SQRT(1-(AC84/SQRT(V84+Y84))^2)*AD84,IF(AB84="t_paired",AC84/SQRT(V84)*AD84,""))))),"") -> 6.5510148 | AF84: =IF(AE84="","",IF(AB84="t_paired",1-3/(4*(V84-1)-1),1-3/(4*(V84+Y84)-9))) -> 0.99093656 | AG84: =IF(AE84="","",AE84*AF84) -> 6.49164 | AH84: =IF(AG84="","",IF(AB84="t_paired",1/V84+AG84^2/(2*V84),(V84+Y84)/(V84*Y84)+AG84^2/(2*(V84+Y84)))) -> 0.29495587 | AI84: =IF(AH84="","",SQRT(AH84)) -> 0.5430984 | AJ84: =IF(AI84="","",AG84-1.96*AI84) -> 5.4271672 | AK84: =IF(AI84="","",AG84+1.96*AI84) -> 7.5561129 | AL84: =IF(AI84="","",AG84/AI84) -> 11.952972 | AM84: =IF(AL84="","",2*(1-NORMSDIST(ABS(AL84)))) -> 0 | AN84: =IF(COUNT(V84)=0,"",IF(AB84="t_paired",V84,V84+N(Y84))) -> 85 | AO84: =IF(AH84="","",1/AH84) -> 3.3903377 | AP84: Y | AQ84: Raw_Data_ES_Meta_Analysis_Study_2.xlsx | AS84: =IF(AND(AP84="Y",ISNUMBER(AO84)),AO84,0) -> 3.3903377 | AT84: =IF(AS84>0,AS84*AG84,0) -> 22.008852 | AU84: =IF(AS84>0,AS84*AG84^2,0) -> 142.87354 | AV84: =IF(AS84>0,AS84^2,0) -> 11.49439 | AW84: =IF(AS84>0,AG84,0) -> 6.49164 | AX84: =IF(AS84>0,AH84,1) -> 0.29495587
A85: ES084 | B85: S022 | C85: Fung et al. (2025) | D85: 2025 | E85: China | F85: Primary education | G85: EFL | H85: Intelligent tutoring / adaptive learning AI | I85: Adaptive Learning AI | J85: Yes | K85: Two-group comparison (per source workbook; verify design) | L85: Control group (per source workbook) | O85: Less than 1 week | P85: Non-cognitive | Q85: Curiosity | R85: Trait curiosity | S85: Cognitive engagement | U85: Post-test | V85: 32 | W85: 8.385 | X85: 1.577 | Y85: 30 | Z85: 8.5 | AA85: 1.331 | AB85: MSD | AD85: 1 | AE85: =IFERROR(IF(AB85="MSD",IF(COUNT(V85,W85,X85,Y85,Z85,AA85)<6,"",(W85-Z85)/SQRT(((V85-1)*X85^2+(Y85-1)*AA85^2)/(V85+Y85-2))*AD85),IF(AB85="t",AC85*SQRT(1/V85+1/Y85)*AD85,IF(AB85="F",SQRT(AC85)*SQRT(1/V85+1/Y85)*AD85,IF(AB85="z",2*(AC85/SQRT(V85+Y85))/SQRT(1-(AC85/SQRT(V85+Y85))^2)*AD85,IF(AB85="t_paired",AC85/SQRT(V85)*AD85,""))))),"") -> -0.078590941 | AF85: =IF(AE85="","",IF(AB85="t_paired",1-3/(4*(V85-1)-1),1-3/(4*(V85+Y85)-9))) -> 0.9874477 | AG85: =IF(AE85="","",AE85*AF85) -> -0.077604444 | AH85: =IF(AG85="","",IF(AB85="t_paired",1/V85+AG85^2/(2*V85),(V85+Y85)/(V85*Y85)+AG85^2/(2*(V85+Y85)))) -> 0.064631901 | AI85: =IF(AH85="","",SQRT(AH85)) -> 0.25422805 | AJ85: =IF(AI85="","",AG85-1.96*AI85) -> -0.57589142 | AK85: =IF(AI85="","",AG85+1.96*AI85) -> 0.42068253 | AL85: =IF(AI85="","",AG85/AI85) -> -0.30525524 | AM85: =IF(AL85="","",2*(1-NORMSDIST(ABS(AL85)))) -> 0.76017177 | AN85: =IF(COUNT(V85)=0,"",IF(AB85="t_paired",V85,V85+N(Y85))) -> 62 | AO85: =IF(AH85="","",1/AH85) -> 15.472235 | AP85: Y | AQ85: Extracted_Data_AI_agents_Learner_curiosity.xlsx | AS85: =IF(AND(AP85="Y",ISNUMBER(AO85)),AO85,0) -> 15.472235 | AT85: =IF(AS85>0,AS85*AG85,0) -> -1.2007142 | AU85: =IF(AS85>0,AS85*AG85^2,0) -> 0.09318076 | AV85: =IF(AS85>0,AS85^2,0) -> 239.39007 | AW85: =IF(AS85>0,AG85,0) -> -0.077604444 | AX85: =IF(AS85>0,AH85,1) -> 0.064631901
A86: ES085 | B86: S022 | C86: Fung et al. (2025) | D86: 2025 | E86: China | F86: Primary education | G86: EFL | H86: Intelligent tutoring / adaptive learning AI | I86: Adaptive Learning AI | J86: Yes | K86: Two-group comparison (per source workbook; verify design) | L86: Control group (per source workbook) | O86: Less than 1 week | P86: Non-cognitive | Q86: Curiosity | R86: Epistemic curiosity | S86: Intrinsic motivation | U86: Post-test | V86: 32 | W86: 4.4 | X86: 1.003 | Y86: 30 | Z86: 3.773 | AA86: 1.02 | AB86: MSD | AD86: 1 | AE86: =IFERROR(IF(AB86="MSD",IF(COUNT(V86,W86,X86,Y86,Z86,AA86)<6,"",(W86-Z86)/SQRT(((V86-1)*X86^2+(Y86-1)*AA86^2)/(V86+Y86-2))*AD86),IF(AB86="t",AC86*SQRT(1/V86+1/Y86)*AD86,IF(AB86="F",SQRT(AC86)*SQRT(1/V86+1/Y86)*AD86,IF(AB86="z",2*(AC86/SQRT(V86+Y86))/SQRT(1-(AC86/SQRT(V86+Y86))^2)*AD86,IF(AB86="t_paired",AC86/SQRT(V86)*AD86,""))))),"") -> 0.62002328 | AF86: =IF(AE86="","",IF(AB86="t_paired",1-3/(4*(V86-1)-1),1-3/(4*(V86+Y86)-9))) -> 0.9874477 | AG86: =IF(AE86="","",AE86*AF86) -> 0.61224056 | AH86: =IF(AG86="","",IF(AB86="t_paired",1/V86+AG86^2/(2*V86),(V86+Y86)/(V86*Y86)+AG86^2/(2*(V86+Y86)))) -> 0.067606225 | AI86: =IF(AH86="","",SQRT(AH86)) -> 0.26001197 | AJ86: =IF(AI86="","",AG86-1.96*AI86) -> 0.1026171 | AK86: =IF(AI86="","",AG86+1.96*AI86) -> 1.121864 | AL86: =IF(AI86="","",AG86/AI86) -> 2.354663 | AM86: =IF(AL86="","",2*(1-NORMSDIST(ABS(AL86)))) -> 0.018539511 | AN86: =IF(COUNT(V86)=0,"",IF(AB86="t_paired",V86,V86+N(Y86))) -> 62 | AO86: =IF(AH86="","",1/AH86) -> 14.791537 | AP86: Y | AQ86: Extracted_Data_AI_agents_Learner_curiosity.xlsx | AS86: =IF(AND(AP86="Y",ISNUMBER(AO86)),AO86,0) -> 14.791537 | AT86: =IF(AS86>0,AS86*AG86,0) -> 9.0559792 | AU86: =IF(AS86>0,AS86*AG86^2,0) -> 5.5444378 | AV86: =IF(AS86>0,AS86^2,0) -> 218.78958 | AW86: =IF(AS86>0,AG86,0) -> 0.61224056 | AX86: =IF(AS86>0,AH86,1) -> 0.067606225
A87: ES086 | B87: S023 | C87: Han et al. (2022) | D87: 2022 | E87: South Korea | F87: Higher education | G87: Nursing / Health sciences | H87: Conversational AI / chatbot | I87: Conversational AI (chatbot) - Landbot AI chatbot (EFM nursing program) | J87: No | K87: Quasi-experimental, nonequivalent control group pretest-posttest | L87: Video lecture only (no chatbot) | M87: 2 weeks (Nov 3-16, 2021) | N87: N/R | O87: 1 week to 1 month | P87: Cognitive | Q87: Higher-order thinking skills | S87: Clinical reasoning competency | T87: Clinical reasoning scale, 15 items (Liou et al.) | U87: Pre-test | V87: 30 | W87: 48.8 | X87: 8.5 | Y87: 31 | Z87: 48.42 | AA87: 9.25 | AB87: MSD | AD87: 1 | AE87: =IFERROR(IF(AB87="MSD",IF(COUNT(V87,W87,X87,Y87,Z87,AA87)<6,"",(W87-Z87)/SQRT(((V87-1)*X87^2+(Y87-1)*AA87^2)/(V87+Y87-2))*AD87),IF(AB87="t",AC87*SQRT(1/V87+1/Y87)*AD87,IF(AB87="F",SQRT(AC87)*SQRT(1/V87+1/Y87)*AD87,IF(AB87="z",2*(AC87/SQRT(V87+Y87))/SQRT(1-(AC87/SQRT(V87+Y87))^2)*AD87,IF(AB87="t_paired",AC87/SQRT(V87)*AD87,""))))),"") -> 0.042748182 | AF87: =IF(AE87="","",IF(AB87="t_paired",1-3/(4*(V87-1)-1),1-3/(4*(V87+Y87)-9))) -> 0.98723404 | AG87: =IF(AE87="","",AE87*AF87) -> 0.04220246 | AH87: =IF(AG87="","",IF(AB87="t_paired",1/V87+AG87^2/(2*V87),(V87+Y87)/(V87*Y87)+AG87^2/(2*(V87+Y87)))) -> 0.065605997 | AI87: =IF(AH87="","",SQRT(AH87)) -> 0.25613668 | AJ87: =IF(AI87="","",AG87-1.96*AI87) -> -0.45982542 | AK87: =IF(AI87="","",AG87+1.96*AI87) -> 0.54423034 | AL87: =IF(AI87="","",AG87/AI87) -> 0.16476539 | AM87: =IF(AL87="","",2*(1-NORMSDIST(ABS(AL87)))) -> 0.86912864 | AN87: =IF(COUNT(V87)=0,"",IF(AB87="t_paired",V87,V87+N(Y87))) -> 61 | AO87: =IF(AH87="","",1/AH87) -> 15.242509 | AP87: N | AQ87: Extracted from uploaded paper (replaces rows in your workbook(s): WB2) | AR87: Table 3 | AS87: =IF(AND(AP87="Y",ISNUMBER(AO87)),AO87,0) -> 0 | AT87: =IF(AS87>0,AS87*AG87,0) -> 0 | AU87: =IF(AS87>0,AS87*AG87^2,0) -> 0 | AV87: =IF(AS87>0,AS87^2,0) -> 0 | AW87: =IF(AS87>0,AG87,0) -> 0 | AX87: =IF(AS87>0,AH87,1) -> 1
A88: ES087 | B88: S023 | C88: Han et al. (2022) | D88: 2022 | E88: South Korea | F88: Higher education | G88: Nursing / Health sciences | H88: Conversational AI / chatbot | I88: Conversational AI (chatbot) - Landbot AI chatbot (EFM nursing program) | J88: No | K88: Quasi-experimental, nonequivalent control group pretest-posttest | L88: Video lecture only (no chatbot) | M88: 2 weeks (Nov 3-16, 2021) | N88: N/R | O88: 1 week to 1 month | P88: Cognitive | Q88: Higher-order thinking skills | S88: Clinical reasoning competency | T88: Clinical reasoning scale, 15 items (Liou et al.) | U88: Post-test | V88: 30 | W88: 60.7 | X88: 7.14 | Y88: 31 | Z88: 58.97 | AA88: 8.74 | AB88: MSD | AD88: 1 | AE88: =IFERROR(IF(AB88="MSD",IF(COUNT(V88,W88,X88,Y88,Z88,AA88)<6,"",(W88-Z88)/SQRT(((V88-1)*X88^2+(Y88-1)*AA88^2)/(V88+Y88-2))*AD88),IF(AB88="t",AC88*SQRT(1/V88+1/Y88)*AD88,IF(AB88="F",SQRT(AC88)*SQRT(1/V88+1/Y88)*AD88,IF(AB88="z",2*(AC88/SQRT(V88+Y88))/SQRT(1-(AC88/SQRT(V88+Y88))^2)*AD88,IF(AB88="t_paired",AC88/SQRT(V88)*AD88,""))))),"") -> 0.21642097 | AF88: =IF(AE88="","",IF(AB88="t_paired",1-3/(4*(V88-1)-1),1-3/(4*(V88+Y88)-9))) -> 0.98723404 | AG88: =IF(AE88="","",AE88*AF88) -> 0.21365815 | AH88: =IF(AG88="","",IF(AB88="t_paired",1/V88+AG88^2/(2*V88),(V88+Y88)/(V88*Y88)+AG88^2/(2*(V88+Y88)))) -> 0.065965577 | AI88: =IF(AH88="","",SQRT(AH88)) -> 0.25683765 | AJ88: =IF(AI88="","",AG88-1.96*AI88) -> -0.28974364 | AK88: =IF(AI88="","",AG88+1.96*AI88) -> 0.71705993 | AL88: =IF(AI88="","",AG88/AI88) -> 0.83188018 | AM88: =IF(AL88="","",2*(1-NORMSDIST(ABS(AL88)))) -> 0.40547658 | AN88: =IF(COUNT(V88)=0,"",IF(AB88="t_paired",V88,V88+N(Y88))) -> 61 | AO88: =IF(AH88="","",1/AH88) -> 15.159422 | AP88: Y | AQ88: Extracted from uploaded paper (replaces rows in your workbook(s): WB2) | AR88: Table 3 | AS88: =IF(AND(AP88="Y",ISNUMBER(AO88)),AO88,0) -> 15.159422 | AT88: =IF(AS88>0,AS88*AG88,0) -> 3.238934 | AU88: =IF(AS88>0,AS88*AG88^2,0) -> 0.69202464 | AV88: =IF(AS88>0,AS88^2,0) -> 229.80807 | AW88: =IF(AS88>0,AG88,0) -> 0.21365815 | AX88: =IF(AS88>0,AH88,1) -> 0.065965577
A89: ES088 | B89: S023 | C89: Han et al. (2022) | D89: 2022 | E89: South Korea | F89: Higher education | G89: Nursing / Health sciences | H89: Conversational AI / chatbot | I89: Conversational AI (chatbot) - Landbot AI chatbot (EFM nursing program) | J89: No | K89: Quasi-experimental, nonequivalent control group pretest-posttest | L89: Video lecture only (no chatbot) | M89: 2 weeks (Nov 3-16, 2021) | N89: N/R | O89: 1 week to 1 month | P89: Cognitive | Q89: Knowledge-based outcome | S89: Knowledge of EFM | T89: 13-item EFM knowledge test (KR-20=.79) | U89: Pre-test | V89: 30 | W89: 5.7 | X89: 2.77 | Y89: 31 | Z89: 6 | AA89: 1.95 | AB89: MSD | AD89: 1 | AE89: =IFERROR(IF(AB89="MSD",IF(COUNT(V89,W89,X89,Y89,Z89,AA89)<6,"",(W89-Z89)/SQRT(((V89-1)*X89^2+(Y89-1)*AA89^2)/(V89+Y89-2))*AD89),IF(AB89="t",AC89*SQRT(1/V89+1/Y89)*AD89,IF(AB89="F",SQRT(AC89)*SQRT(1/V89+1/Y89)*AD89,IF(AB89="z",2*(AC89/SQRT(V89+Y89))/SQRT(1-(AC89/SQRT(V89+Y89))^2)*AD89,IF(AB89="t_paired",AC89/SQRT(V89)*AD89,""))))),"") -> -0.1256022 | AF89: =IF(AE89="","",IF(AB89="t_paired",1-3/(4*(V89-1)-1),1-3/(4*(V89+Y89)-9))) -> 0.98723404 | AG89: =IF(AE89="","",AE89*AF89) -> -0.12399876 | AH89: =IF(AG89="","",IF(AB89="t_paired",1/V89+AG89^2/(2*V89),(V89+Y89)/(V89*Y89)+AG89^2/(2*(V89+Y89)))) -> 0.065717428 | AI89: =IF(AH89="","",SQRT(AH89)) -> 0.25635411 | AJ89: =IF(AI89="","",AG89-1.96*AI89) -> -0.62645281 | AK89: =IF(AI89="","",AG89+1.96*AI89) -> 0.37845528 | AL89: =IF(AI89="","",AG89/AI89) -> -0.48370111 | AM89: =IF(AL89="","",2*(1-NORMSDIST(ABS(AL89)))) -> 0.62859801 | AN89: =IF(COUNT(V89)=0,"",IF(AB89="t_paired",V89,V89+N(Y89))) -> 61 | AO89: =IF(AH89="","",1/AH89) -> 15.216664 | AP89: N | AQ89: Extracted from uploaded paper (replaces rows in your workbook(s): WB2) | AR89: Table 3 | AS89: =IF(AND(AP89="Y",ISNUMBER(AO89)),AO89,0) -> 0 | AT89: =IF(AS89>0,AS89*AG89,0) -> 0 | AU89: =IF(AS89>0,AS89*AG89^2,0) -> 0 | AV89: =IF(AS89>0,AS89^2,0) -> 0 | AW89: =IF(AS89>0,AG89,0) -> 0 | AX89: =IF(AS89>0,AH89,1) -> 1
A90: ES089 | B90: S023 | C90: Han et al. (2022) | D90: 2022 | E90: South Korea | F90: Higher education | G90: Nursing / Health sciences | H90: Conversational AI / chatbot | I90: Conversational AI (chatbot) - Landbot AI chatbot (EFM nursing program) | J90: No | K90: Quasi-experimental, nonequivalent control group pretest-posttest | L90: Video lecture only (no chatbot) | M90: 2 weeks (Nov 3-16, 2021) | N90: N/R | O90: 1 week to 1 month | P90: Cognitive | Q90: Knowledge-based outcome | S90: Knowledge of EFM | T90: 13-item EFM knowledge test (KR-20=.79) | U90: Post-test | V90: 30 | W90: 10.07 | X90: 2.24 | Y90: 31 | Z90: 10.77 | AA90: 1.7 | AB90: MSD | AD90: 1 | AE90: =IFERROR(IF(AB90="MSD",IF(COUNT(V90,W90,X90,Y90,Z90,AA90)<6,"",(W90-Z90)/SQRT(((V90-1)*X90^2+(Y90-1)*AA90^2)/(V90+Y90-2))*AD90),IF(AB90="t",AC90*SQRT(1/V90+1/Y90)*AD90,IF(AB90="F",SQRT(AC90)*SQRT(1/V90+1/Y90)*AD90,IF(AB90="z",2*(AC90/SQRT(V90+Y90))/SQRT(1-(AC90/SQRT(V90+Y90))^2)*AD90,IF(AB90="t_paired",AC90/SQRT(V90)*AD90,""))))),"") -> -0.35284439 | AF90: =IF(AE90="","",IF(AB90="t_paired",1-3/(4*(V90-1)-1),1-3/(4*(V90+Y90)-9))) -> 0.98723404 | AG90: =IF(AE90="","",AE90*AF90) -> -0.34833999 | AH90: =IF(AG90="","",IF(AB90="t_paired",1/V90+AG90^2/(2*V90),(V90+Y90)/(V90*Y90)+AG90^2/(2*(V90+Y90)))) -> 0.066585994 | AI90: =IF(AH90="","",SQRT(AH90)) -> 0.25804262 | AJ90: =IF(AI90="","",AG90-1.96*AI90) -> -0.85410353 | AK90: =IF(AI90="","",AG90+1.96*AI90) -> 0.15742355 | AL90: =IF(AI90="","",AG90/AI90) -> -1.349932 | AM90: =IF(AL90="","",2*(1-NORMSDIST(ABS(AL90)))) -> 0.1770378 | AN90: =IF(COUNT(V90)=0,"",IF(AB90="t_paired",V90,V90+N(Y90))) -> 61 | AO90: =IF(AH90="","",1/AH90) -> 15.018173 | AP90: Y | AQ90: Extracted from uploaded paper (replaces rows in your workbook(s): WB2) | AR90: Table 3 | AS90: =IF(AND(AP90="Y",ISNUMBER(AO90)),AO90,0) -> 15.018173 | AT90: =IF(AS90>0,AS90*AG90,0) -> -5.2314303 | AU90: =IF(AS90>0,AS90*AG90^2,0) -> 1.8223164 | AV90: =IF(AS90>0,AS90^2,0) -> 225.54553 | AW90: =IF(AS90>0,AG90,0) -> -0.34833999 | AX90: =IF(AS90>0,AH90,1) -> 0.066585994
A91: ES090 | B91: S023 | C91: Han et al. (2022) | D91: 2022 | E91: South Korea | F91: Higher education | G91: Nursing / Health sciences | H91: Conversational AI / chatbot | I91: Conversational AI (chatbot) - Landbot AI chatbot (EFM nursing program) | J91: No | K91: Quasi-experimental, nonequivalent control group pretest-posttest | L91: Video lecture only (no chatbot) | M91: 2 weeks (Nov 3-16, 2021) | N91: N/R | O91: 1 week to 1 month | P91: Non-cognitive | Q91: Curiosity | R91: Epistemic curiosity | S91: Interest in education | T91: Numerical rating scale (0-10) | U91: Pre-test | V91: 30 | W91: 6.07 | X91: 2.23 | Y91: 31 | Z91: 6.87 | AA91: 2.08 | AB91: MSD | AD91: 1 | AE91: =IFERROR(IF(AB91="MSD",IF(COUNT(V91,W91,X91,Y91,Z91,AA91)<6,"",(W91-Z91)/SQRT(((V91-1)*X91^2+(Y91-1)*AA91^2)/(V91+Y91-2))*AD91),IF(AB91="t",AC91*SQRT(1/V91+1/Y91)*AD91,IF(AB91="F",SQRT(AC91)*SQRT(1/V91+1/Y91)*AD91,IF(AB91="z",2*(AC91/SQRT(V91+Y91))/SQRT(1-(AC91/SQRT(V91+Y91))^2)*AD91,IF(AB91="t_paired",AC91/SQRT(V91)*AD91,""))))),"") -> -0.37122386 | AF91: =IF(AE91="","",IF(AB91="t_paired",1-3/(4*(V91-1)-1),1-3/(4*(V91+Y91)-9))) -> 0.98723404 | AG91: =IF(AE91="","",AE91*AF91) -> -0.36648483 | AH91: =IF(AG91="","",IF(AB91="t_paired",1/V91+AG91^2/(2*V91),(V91+Y91)/(V91*Y91)+AG91^2/(2*(V91+Y91)))) -> 0.066692309 | AI91: =IF(AH91="","",SQRT(AH91)) -> 0.25824854 | AJ91: =IF(AI91="","",AG91-1.96*AI91) -> -0.87265197 | AK91: =IF(AI91="","",AG91+1.96*AI91) -> 0.13968231 | AL91: =IF(AI91="","",AG91/AI91) -> -1.4191167 | AM91: =IF(AL91="","",2*(1-NORMSDIST(ABS(AL91)))) -> 0.15586498 | AN91: =IF(COUNT(V91)=0,"",IF(AB91="t_paired",V91,V91+N(Y91))) -> 61 | AO91: =IF(AH91="","",1/AH91) -> 14.994233 | AP91: N | AQ91: Extracted from uploaded paper (replaces rows in your workbook(s): WB2) | AR91: Table 3. NB: your curiosity workbook labelled this row 'Knowledge seeking' | AS91: =IF(AND(AP91="Y",ISNUMBER(AO91)),AO91,0) -> 0 | AT91: =IF(AS91>0,AS91*AG91,0) -> 0 | AU91: =IF(AS91>0,AS91*AG91^2,0) -> 0 | AV91: =IF(AS91>0,AS91^2,0) -> 0 | AW91: =IF(AS91>0,AG91,0) -> 0 | AX91: =IF(AS91>0,AH91,1) -> 1
A92: ES091 | B92: S023 | C92: Han et al. (2022) | D92: 2022 | E92: South Korea | F92: Higher education | G92: Nursing / Health sciences | H92: Conversational AI / chatbot | I92: Conversational AI (chatbot) - Landbot AI chatbot (EFM nursing program) | J92: No | K92: Quasi-experimental, nonequivalent control group pretest-posttest | L92: Video lecture only (no chatbot) | M92: 2 weeks (Nov 3-16, 2021) | N92: N/R | O92: 1 week to 1 month | P92: Non-cognitive | Q92: Curiosity | R92: Epistemic curiosity | S92: Interest in education | T92: Numerical rating scale (0-10) | U92: Post-test | V92: 30 | W92: 8.4 | X92: 1.43 | Y92: 31 | Z92: 7.77 | AA92: 1.77 | AB92: MSD | AD92: 1 | AE92: =IFERROR(IF(AB92="MSD",IF(COUNT(V92,W92,X92,Y92,Z92,AA92)<6,"",(W92-Z92)/SQRT(((V92-1)*X92^2+(Y92-1)*AA92^2)/(V92+Y92-2))*AD92),IF(AB92="t",AC92*SQRT(1/V92+1/Y92)*AD92,IF(AB92="F",SQRT(AC92)*SQRT(1/V92+1/Y92)*AD92,IF(AB92="z",2*(AC92/SQRT(V92+Y92))/SQRT(1-(AC92/SQRT(V92+Y92))^2)*AD92,IF(AB92="t_paired",AC92/SQRT(V92)*AD92,""))))),"") -> 0.39085072 | AF92: =IF(AE92="","",IF(AB92="t_paired",1-3/(4*(V92-1)-1),1-3/(4*(V92+Y92)-9))) -> 0.98723404 | AG92: =IF(AE92="","",AE92*AF92) -> 0.38586114 | AH92: =IF(AG92="","",IF(AB92="t_paired",1/V92+AG92^2/(2*V92),(V92+Y92)/(V92*Y92)+AG92^2/(2*(V92+Y92)))) -> 0.066811798 | AI92: =IF(AH92="","",SQRT(AH92)) -> 0.25847978 | AJ92: =IF(AI92="","",AG92-1.96*AI92) -> -0.12075924 | AK92: =IF(AI92="","",AG92+1.96*AI92) -> 0.89248151 | AL92: =IF(AI92="","",AG92/AI92) -> 1.4928097 | AM92: =IF(AL92="","",2*(1-NORMSDIST(ABS(AL92)))) -> 0.135487 | AN92: =IF(COUNT(V92)=0,"",IF(AB92="t_paired",V92,V92+N(Y92))) -> 61 | AO92: =IF(AH92="","",1/AH92) -> 14.967416 | AP92: Y | AQ92: Extracted from uploaded paper (replaces rows in your workbook(s): WB2) | AR92: Table 3 | AS92: =IF(AND(AP92="Y",ISNUMBER(AO92)),AO92,0) -> 14.967416 | AT92: =IF(AS92>0,AS92*AG92,0) -> 5.7753443 | AU92: =IF(AS92>0,AS92*AG92^2,0) -> 2.2284809 | AV92: =IF(AS92>0,AS92^2,0) -> 224.02355 | AW92: =IF(AS92>0,AG92,0) -> 0.38586114 | AX92: =IF(AS92>0,AH92,1) -> 0.066811798
A93: ES092 | B93: S023 | C93: Han et al. (2022) | D93: 2022 | E93: South Korea | F93: Higher education | G93: Nursing / Health sciences | H93: Conversational AI / chatbot | I93: Conversational AI (chatbot) - Landbot AI chatbot (EFM nursing program) | J93: No | K93: Quasi-experimental, nonequivalent control group pretest-posttest | L93: Video lecture only (no chatbot) | M93: 2 weeks (Nov 3-16, 2021) | N93: N/R | O93: 1 week to 1 month | P93: Non-cognitive | Q93: Emotional functioning | S93: Satisfaction with feedback | T93: Numerical rating scale (0-10) | U93: Post-test | V93: 30 | W93: 8.67 | X93: 1.24 | Y93: 31 | Z93: 8.03 | AA93: 1.68 | AB93: MSD | AD93: 1 | AE93: =IFERROR(IF(AB93="MSD",IF(COUNT(V93,W93,X93,Y93,Z93,AA93)<6,"",(W93-Z93)/SQRT(((V93-1)*X93^2+(Y93-1)*AA93^2)/(V93+Y93-2))*AD93),IF(AB93="t",AC93*SQRT(1/V93+1/Y93)*AD93,IF(AB93="F",SQRT(AC93)*SQRT(1/V93+1/Y93)*AD93,IF(AB93="z",2*(AC93/SQRT(V93+Y93))/SQRT(1-(AC93/SQRT(V93+Y93))^2)*AD93,IF(AB93="t_paired",AC93/SQRT(V93)*AD93,""))))),"") -> 0.43238426 | AF93: =IF(AE93="","",IF(AB93="t_paired",1-3/(4*(V93-1)-1),1-3/(4*(V93+Y93)-9))) -> 0.98723404 | AG93: =IF(AE93="","",AE93*AF93) -> 0.42686446 | AH93: =IF(AG93="","",IF(AB93="t_paired",1/V93+AG93^2/(2*V93),(V93+Y93)/(V93*Y93)+AG93^2/(2*(V93+Y93)))) -> 0.067084949 | AI93: =IF(AH93="","",SQRT(AH93)) -> 0.25900762 | AJ93: =IF(AI93="","",AG93-1.96*AI93) -> -0.080790486 | AK93: =IF(AI93="","",AG93+1.96*AI93) -> 0.9345194 | AL93: =IF(AI93="","",AG93/AI93) -> 1.6480768 | AM93: =IF(AL93="","",2*(1-NORMSDIST(ABS(AL93)))) -> 0.099336911 | AN93: =IF(COUNT(V93)=0,"",IF(AB93="t_paired",V93,V93+N(Y93))) -> 61 | AO93: =IF(AH93="","",1/AH93) -> 14.906473 | AP93: Y | AQ93: Extracted from uploaded paper (replaces rows in your workbook(s): WB2) | AR93: Table 3 | AS93: =IF(AND(AP93="Y",ISNUMBER(AO93)),AO93,0) -> 14.906473 | AT93: =IF(AS93>0,AS93*AG93,0) -> 6.3630436 | AU93: =IF(AS93>0,AS93*AG93^2,0) -> 2.7161572 | AV93: =IF(AS93>0,AS93^2,0) -> 222.20294 | AW93: =IF(AS93>0,AG93,0) -> 0.42686446 | AX93: =IF(AS93>0,AH93,1) -> 0.067084949
A94: ES093 | B94: S023 | C94: Han et al. (2022) | D94: 2022 | E94: South Korea | F94: Higher education | G94: Nursing / Health sciences | H94: Conversational AI / chatbot | I94: Conversational AI (chatbot) - Landbot AI chatbot (EFM nursing program) | J94: No | K94: Quasi-experimental, nonequivalent control group pretest-posttest | L94: Video lecture only (no chatbot) | M94: 2 weeks (Nov 3-16, 2021) | N94: N/R | O94: 1 week to 1 month | P94: Non-cognitive | Q94: Learning dispositions | S94: Confidence in fetal health assessment | T94: 3-item confidence scale (0-10 each) | U94: Pre-test | V94: 30 | W94: 16.2 | X94: 5.26 | Y94: 31 | Z94: 16.65 | AA94: 5.57 | AB94: MSD | AD94: 1 | AE94: =IFERROR(IF(AB94="MSD",IF(COUNT(V94,W94,X94,Y94,Z94,AA94)<6,"",(W94-Z94)/SQRT(((V94-1)*X94^2+(Y94-1)*AA94^2)/(V94+Y94-2))*AD94),IF(AB94="t",AC94*SQRT(1/V94+1/Y94)*AD94,IF(AB94="F",SQRT(AC94)*SQRT(1/V94+1/Y94)*AD94,IF(AB94="z",2*(AC94/SQRT(V94+Y94))/SQRT(1-(AC94/SQRT(V94+Y94))^2)*AD94,IF(AB94="t_paired",AC94/SQRT(V94)*AD94,""))))),"") -> -0.08302823 | AF94: =IF(AE94="","",IF(AB94="t_paired",1-3/(4*(V94-1)-1),1-3/(4*(V94+Y94)-9))) -> 0.98723404 | AG94: =IF(AE94="","",AE94*AF94) -> -0.081968295 | AH94: =IF(AG94="","",IF(AB94="t_paired",1/V94+AG94^2/(2*V94),(V94+Y94)/(V94*Y94)+AG94^2/(2*(V94+Y94)))) -> 0.06564647 | AI94: =IF(AH94="","",SQRT(AH94)) -> 0.25621567 | AJ94: =IF(AI94="","",AG94-1.96*AI94) -> -0.58415101 | AK94: =IF(AI94="","",AG94+1.96*AI94) -> 0.42021442 | AL94: =IF(AI94="","",AG94/AI94) -> -0.31991913 | AM94: =IF(AL94="","",2*(1-NORMSDIST(ABS(AL94)))) -> 0.74902963 | AN94: =IF(COUNT(V94)=0,"",IF(AB94="t_paired",V94,V94+N(Y94))) -> 61 | AO94: =IF(AH94="","",1/AH94) -> 15.233112 | AP94: N | AQ94: Extracted from uploaded paper (replaces rows in your workbook(s): WB2) | AR94: Table 3 | AS94: =IF(AND(AP94="Y",ISNUMBER(AO94)),AO94,0) -> 0 | AT94: =IF(AS94>0,AS94*AG94,0) -> 0 | AU94: =IF(AS94>0,AS94*AG94^2,0) -> 0 | AV94: =IF(AS94>0,AS94^2,0) -> 0 | AW94: =IF(AS94>0,AG94,0) -> 0 | AX94: =IF(AS94>0,AH94,1) -> 1
A95: ES094 | B95: S023 | C95: Han et al. (2022) | D95: 2022 | E95: South Korea | F95: Higher education | G95: Nursing / Health sciences | H95: Conversational AI / chatbot | I95: Conversational AI (chatbot) - Landbot AI chatbot (EFM nursing program) | J95: No | K95: Quasi-experimental, nonequivalent control group pretest-posttest | L95: Video lecture only (no chatbot) | M95: 2 weeks (Nov 3-16, 2021) | N95: N/R | O95: 1 week to 1 month | P95: Non-cognitive | Q95: Learning dispositions | S95: Confidence in fetal health assessment | T95: 3-item confidence scale (0-10 each) | U95: Post-test | V95: 30 | W95: 23.1 | X95: 3.82 | Y95: 31 | Z95: 21.9 | AA95: 4.7 | AB95: MSD | AD95: 1 | AE95: =IFERROR(IF(AB95="MSD",IF(COUNT(V95,W95,X95,Y95,Z95,AA95)<6,"",(W95-Z95)/SQRT(((V95-1)*X95^2+(Y95-1)*AA95^2)/(V95+Y95-2))*AD95),IF(AB95="t",AC95*SQRT(1/V95+1/Y95)*AD95,IF(AB95="F",SQRT(AC95)*SQRT(1/V95+1/Y95)*AD95,IF(AB95="z",2*(AC95/SQRT(V95+Y95))/SQRT(1-(AC95/SQRT(V95+Y95))^2)*AD95,IF(AB95="t_paired",AC95/SQRT(V95)*AD95,""))))),"") -> 0.27971542 | AF95: =IF(AE95="","",IF(AB95="t_paired",1-3/(4*(V95-1)-1),1-3/(4*(V95+Y95)-9))) -> 0.98723404 | AG95: =IF(AE95="","",AE95*AF95) -> 0.27614459 | AH95: =IF(AG95="","",IF(AB95="t_paired",1/V95+AG95^2/(2*V95),(V95+Y95)/(V95*Y95)+AG95^2/(2*(V95+Y95)))) -> 0.066216446 | AI95: =IF(AH95="","",SQRT(AH95)) -> 0.25732556 | AJ95: =IF(AI95="","",AG95-1.96*AI95) -> -0.22821352 | AK95: =IF(AI95="","",AG95+1.96*AI95) -> 0.78050269 | AL95: =IF(AI95="","",AG95/AI95) -> 1.0731331 | AM95: =IF(AL95="","",2*(1-NORMSDIST(ABS(AL95)))) -> 0.28321139 | AN95: =IF(COUNT(V95)=0,"",IF(AB95="t_paired",V95,V95+N(Y95))) -> 61 | AO95: =IF(AH95="","",1/AH95) -> 15.101988 | AP95: Y | AQ95: Extracted from uploaded paper (replaces rows in your workbook(s): WB2) | AR95: Table 3 | AS95: =IF(AND(AP95="Y",ISNUMBER(AO95)),AO95,0) -> 15.101988 | AT95: =IF(AS95>0,AS95*AG95,0) -> 4.1703324 | AU95: =IF(AS95>0,AS95*AG95^2,0) -> 1.1516147 | AV95: =IF(AS95>0,AS95^2,0) -> 228.07006 | AW95: =IF(AS95>0,AG95,0) -> 0.27614459 | AX95: =IF(AS95>0,AH95,1) -> 0.066216446
A96: ES095 | B96: S023 | C96: Han et al. (2022) | D96: 2022 | E96: South Korea | F96: Higher education | G96: Nursing / Health sciences | H96: Conversational AI / chatbot | I96: Conversational AI (chatbot) - Landbot AI chatbot (EFM nursing program) | J96: No | K96: Quasi-experimental, nonequivalent control group pretest-posttest | L96: Video lecture only (no chatbot) | M96: 2 weeks (Nov 3-16, 2021) | N96: N/R | O96: 1 week to 1 month | P96: Non-cognitive | Q96: Self-management | S96: Self-directed learning | T96: Numerical rating scale (0-10) | U96: Pre-test | V96: 30 | W96: 6.57 | X96: 2.11 | Y96: 31 | Z96: 7.06 | AA96: 1.88 | AB96: MSD | AD96: 1 | AE96: =IFERROR(IF(AB96="MSD",IF(COUNT(V96,W96,X96,Y96,Z96,AA96)<6,"",(W96-Z96)/SQRT(((V96-1)*X96^2+(Y96-1)*AA96^2)/(V96+Y96-2))*AD96),IF(AB96="t",AC96*SQRT(1/V96+1/Y96)*AD96,IF(AB96="F",SQRT(AC96)*SQRT(1/V96+1/Y96)*AD96,IF(AB96="z",2*(AC96/SQRT(V96+Y96))/SQRT(1-(AC96/SQRT(V96+Y96))^2)*AD96,IF(AB96="t_paired",AC96/SQRT(V96)*AD96,""))))),"") -> -0.24544611 | AF96: =IF(AE96="","",IF(AB96="t_paired",1-3/(4*(V96-1)-1),1-3/(4*(V96+Y96)-9))) -> 0.98723404 | AG96: =IF(AE96="","",AE96*AF96) -> -0.24231275 | AH96: =IF(AG96="","",IF(AB96="t_paired",1/V96+AG96^2/(2*V96),(V96+Y96)/(V96*Y96)+AG96^2/(2*(V96+Y96)))) -> 0.066072672 | AI96: =IF(AH96="","",SQRT(AH96)) -> 0.25704605 | AJ96: =IF(AI96="","",AG96-1.96*AI96) -> -0.74612301 | AK96: =IF(AI96="","",AG96+1.96*AI96) -> 0.26149751 | AL96: =IF(AI96="","",AG96/AI96) -> -0.94268227 | AM96: =IF(AL96="","",2*(1-NORMSDIST(ABS(AL96)))) -> 0.34584345 | AN96: =IF(COUNT(V96)=0,"",IF(AB96="t_paired",V96,V96+N(Y96))) -> 61 | AO96: =IF(AH96="","",1/AH96) -> 15.13485 | AP96: N | AQ96: Extracted from uploaded paper (replaces rows in your workbook(s): WB2) | AR96: Table 3. NB: your curiosity workbook labelled this row 'Exploration' | AS96: =IF(AND(AP96="Y",ISNUMBER(AO96)),AO96,0) -> 0 | AT96: =IF(AS96>0,AS96*AG96,0) -> 0 | AU96: =IF(AS96>0,AS96*AG96^2,0) -> 0 | AV96: =IF(AS96>0,AS96^2,0) -> 0 | AW96: =IF(AS96>0,AG96,0) -> 0 | AX96: =IF(AS96>0,AH96,1) -> 1
A97: ES096 | B97: S023 | C97: Han et al. (2022) | D97: 2022 | E97: South Korea | F97: Higher education | G97: Nursing / Health sciences | H97: Conversational AI / chatbot | I97: Conversational AI (chatbot) - Landbot AI chatbot (EFM nursing program) | J97: No | K97: Quasi-experimental, nonequivalent control group pretest-posttest | L97: Video lecture only (no chatbot) | M97: 2 weeks (Nov 3-16, 2021) | N97: N/R | O97: 1 week to 1 month | P97: Non-cognitive | Q97: Self-management | S97: Self-directed learning | T97: Numerical rating scale (0-10) | U97: Post-test | V97: 30 | W97: 8.77 | X97: 1.19 | Y97: 31 | Z97: 7.87 | AA97: 1.62 | AB97: MSD | AD97: 1 | AE97: =IFERROR(IF(AB97="MSD",IF(COUNT(V97,W97,X97,Y97,Z97,AA97)<6,"",(W97-Z97)/SQRT(((V97-1)*X97^2+(Y97-1)*AA97^2)/(V97+Y97-2))*AD97),IF(AB97="t",AC97*SQRT(1/V97+1/Y97)*AD97,IF(AB97="F",SQRT(AC97)*SQRT(1/V97+1/Y97)*AD97,IF(AB97="z",2*(AC97/SQRT(V97+Y97))/SQRT(1-(AC97/SQRT(V97+Y97))^2)*AD97,IF(AB97="t_paired",AC97/SQRT(V97)*AD97,""))))),"") -> 0.63159997 | AF97: =IF(AE97="","",IF(AB97="t_paired",1-3/(4*(V97-1)-1),1-3/(4*(V97+Y97)-9))) -> 0.98723404 | AG97: =IF(AE97="","",AE97*AF97) -> 0.62353699 | AH97: =IF(AG97="","",IF(AB97="t_paired",1/V97+AG97^2/(2*V97),(V97+Y97)/(V97*Y97)+AG97^2/(2*(V97+Y97)))) -> 0.06877827 | AI97: =IF(AH97="","",SQRT(AH97)) -> 0.26225611 | AJ97: =IF(AI97="","",AG97-1.96*AI97) -> 0.10951501 | AK97: =IF(AI97="","",AG97+1.96*AI97) -> 1.137559 | AL97: =IF(AI97="","",AG97/AI97) -> 2.377588 | AM97: =IF(AL97="","",2*(1-NORMSDIST(ABS(AL97)))) -> 0.017426285 | AN97: =IF(COUNT(V97)=0,"",IF(AB97="t_paired",V97,V97+N(Y97))) -> 61 | AO97: =IF(AH97="","",1/AH97) -> 14.539476 | AP97: Y | AQ97: Extracted from uploaded paper (replaces rows in your workbook(s): WB2) | AR97: Table 3 | AS97: =IF(AND(AP97="Y",ISNUMBER(AO97)),AO97,0) -> 14.539476 | AT97: =IF(AS97>0,AS97*AG97,0) -> 9.0659011 | AU97: =IF(AS97>0,AS97*AG97^2,0) -> 5.6529247 | AV97: =IF(AS97>0,AS97^2,0) -> 211.39636 | AW97: =IF(AS97>0,AG97,0) -> 0.62353699 | AX97: =IF(AS97>0,AH97,1) -> 0.06877827
A98: ES097 | B98: S024 | C98: Hari et al. (2025) | D98: 2025 | E98: Slovenia | F98: Higher education | G98: Multidisciplinary | H98: AI educational robot | I98: AI educational robots | J98: Yes | K98: Two-group comparison (per source workbook; verify design) | L98: Control group (per source workbook) | O98: 1 week to 1 month | P98: Non-cognitive | Q98: Learning dispositions | S98: Affective Engagement | U98: Post-test | V98: 22 | W98: 3.28 | X98: 0.73 | Y98: 48 | Z98: 2.4 | AA98: 1.31 | AB98: MSD | AD98: 1 | AE98: =IFERROR(IF(AB98="MSD",IF(COUNT(V98,W98,X98,Y98,Z98,AA98)<6,"",(W98-Z98)/SQRT(((V98-1)*X98^2+(Y98-1)*AA98^2)/(V98+Y98-2))*AD98),IF(AB98="t",AC98*SQRT(1/V98+1/Y98)*AD98,IF(AB98="F",SQRT(AC98)*SQRT(1/V98+1/Y98)*AD98,IF(AB98="z",2*(AC98/SQRT(V98+Y98))/SQRT(1-(AC98/SQRT(V98+Y98))^2)*AD98,IF(AB98="t_paired",AC98/SQRT(V98)*AD98,""))))),"") -> 0.75718713 | AF98: =IF(AE98="","",IF(AB98="t_paired",1-3/(4*(V98-1)-1),1-3/(4*(V98+Y98)-9))) -> 0.98892989 | AG98: =IF(AE98="","",AE98*AF98) -> 0.74880498 | AH98: =IF(AG98="","",IF(AB98="t_paired",1/V98+AG98^2/(2*V98),(V98+Y98)/(V98*Y98)+AG98^2/(2*(V98+Y98)))) -> 0.070292942 | AI98: =IF(AH98="","",SQRT(AH98)) -> 0.26512816 | AJ98: =IF(AI98="","",AG98-1.96*AI98) -> 0.22915378 | AK98: =IF(AI98="","",AG98+1.96*AI98) -> 1.2684562 | AL98: =IF(AI98="","",AG98/AI98) -> 2.8243133 | AM98: =IF(AL98="","",2*(1-NORMSDIST(ABS(AL98)))) -> 0.0047382051 | AN98: =IF(COUNT(V98)=0,"",IF(AB98="t_paired",V98,V98+N(Y98))) -> 70 | AO98: =IF(AH98="","",1/AH98) -> 14.226179 | AP98: Y | AQ98: Extracted_Raw_Data_AI_SES.xlsx | AS98: =IF(AND(AP98="Y",ISNUMBER(AO98)),AO98,0) -> 14.226179 | AT98: =IF(AS98>0,AS98*AG98,0) -> 10.652634 | AU98: =IF(AS98>0,AS98*AG98^2,0) -> 7.9767454 | AV98: =IF(AS98>0,AS98^2,0) -> 202.38418 | AW98: =IF(AS98>0,AG98,0) -> 0.74880498 | AX98: =IF(AS98>0,AH98,1) -> 0.070292942
A99: ES098 | B99: S024 | C99: Hari et al. (2025) | D99: 2025 | E99: Slovenia | F99: Higher education | G99: Multidisciplinary | H99: AI educational robot | I99: AI educational robots | J99: Yes | K99: Two-group comparison (per source workbook; verify design) | L99: Control group (per source workbook) | O99: 1 week to 1 month | P99: Non-cognitive | Q99: Learning dispositions | S99: Behavioral engagement | U99: Post-test | V99: 22 | W99: 3.82 | X99: 0.7 | Y99: 48 | Z99: 2.65 | AA99: 1.2 | AB99: MSD | AD99: 1 | AE99: =IFERROR(IF(AB99="MSD",IF(COUNT(V99,W99,X99,Y99,Z99,AA99)<6,"",(W99-Z99)/SQRT(((V99-1)*X99^2+(Y99-1)*AA99^2)/(V99+Y99-2))*AD99),IF(AB99="t",AC99*SQRT(1/V99+1/Y99)*AD99,IF(AB99="F",SQRT(AC99)*SQRT(1/V99+1/Y99)*AD99,IF(AB99="z",2*(AC99/SQRT(V99+Y99))/SQRT(1-(AC99/SQRT(V99+Y99))^2)*AD99,IF(AB99="t_paired",AC99/SQRT(V99)*AD99,""))))),"") -> 1.0926386 | AF99: =IF(AE99="","",IF(AB99="t_paired",1-3/(4*(V99-1)-1),1-3/(4*(V99+Y99)-9))) -> 0.98892989 | AG99: =IF(AE99="","",AE99*AF99) -> 1.080543 | AH99: =IF(AG99="","",IF(AB99="t_paired",1/V99+AG99^2/(2*V99),(V99+Y99)/(V99*Y99)+AG99^2/(2*(V99+Y99)))) -> 0.074627687 | AI99: =IF(AH99="","",SQRT(AH99)) -> 0.27318069 | AJ99: =IF(AI99="","",AG99-1.96*AI99) -> 0.54510886 | AK99: =IF(AI99="","",AG99+1.96*AI99) -> 1.6159771 | AL99: =IF(AI99="","",AG99/AI99) -> 3.9554151 | AM99: =IF(AL99="","",2*(1-NORMSDIST(ABS(AL99)))) -> 7.640189e-05 | AN99: =IF(COUNT(V99)=0,"",IF(AB99="t_paired",V99,V99+N(Y99))) -> 70 | AO99: =IF(AH99="","",1/AH99) -> 13.399852 | AP99: Y | AQ99: Extracted_Raw_Data_AI_SES.xlsx | AS99: =IF(AND(AP99="Y",ISNUMBER(AO99)),AO99,0) -> 13.399852 | AT99: =IF(AS99>0,AS99*AG99,0) -> 14.479117 | AU99: =IF(AS99>0,AS99*AG99^2,0) -> 15.645308 | AV99: =IF(AS99>0,AS99^2,0) -> 179.55605 | AW99: =IF(AS99>0,AG99,0) -> 1.080543 | AX99: =IF(AS99>0,AH99,1) -> 0.074627687
A100: ES099 | B100: S024 | C100: Hari et al. (2025) | D100: 2025 | E100: Slovenia | F100: Higher education | G100: Multidisciplinary | H100: AI educational robot | I100: AI educational robots | J100: Yes | K100: Two-group comparison (per source workbook; verify design) | L100: Control group (per source workbook) | O100: 1 week to 1 month | P100: Non-cognitive | Q100: Learning dispositions | S100: Emotional engagement | U100: Post-test | V100: 22 | W100: 3.48 | X100: 0.36 | Y100: 48 | Z100: 2.49 | AA100: 1.23 | AB100: MSD | AD100: 1 | AE100: =IFERROR(IF(AB100="MSD",IF(COUNT(V100,W100,X100,Y100,Z100,AA100)<6,"",(W100-Z100)/SQRT(((V100-1)*X100^2+(Y100-1)*AA100^2)/(V100+Y100-2))*AD100),IF(AB100="t",AC100*SQRT(1/V100+1/Y100)*AD100,IF(AB100="F",SQRT(AC100)*SQRT(1/V100+1/Y100)*AD100,IF(AB100="z",2*(AC100/SQRT(V100+Y100))/SQRT(1-(AC100/SQRT(V100+Y100))^2)*AD100,IF(AB100="t_paired",AC100/SQRT(V100)*AD100,""))))),"") -> 0.95012204 | AF100: =IF(AE100="","",IF(AB100="t_paired",1-3/(4*(V100-1)-1),1-3/(4*(V100+Y100)-9))) -> 0.98892989 | AG100: =IF(AE100="","",AE100*AF100) -> 0.93960409 | AH100: =IF(AG100="","",IF(AB100="t_paired",1/V100+AG100^2/(2*V100),(V100+Y100)/(V100*Y100)+AG100^2/(2*(V100+Y100)))) -> 0.072593992 | AI100: =IF(AH100="","",SQRT(AH100)) -> 0.26943272 | AJ100: =IF(AI100="","",AG100-1.96*AI100) -> 0.41151595 | AK100: =IF(AI100="","",AG100+1.96*AI100) -> 1.4676922 | AL100: =IF(AI100="","",AG100/AI100) -> 3.4873421 | AM100: =IF(AL100="","",2*(1-NORMSDIST(ABS(AL100)))) -> 0.00048784683 | AN100: =IF(COUNT(V100)=0,"",IF(AB100="t_paired",V100,V100+N(Y100))) -> 70 | AO100: =IF(AH100="","",1/AH100) -> 13.775245 | AP100: Y | AQ100: Extracted_Raw_Data_AI_SES.xlsx | AS100: =IF(AND(AP100="Y",ISNUMBER(AO100)),AO100,0) -> 13.775245 | AT100: =IF(AS100>0,AS100*AG100,0) -> 12.943276 | AU100: =IF(AS100>0,AS100*AG100^2,0) -> 12.161555 | AV100: =IF(AS100>0,AS100^2,0) -> 189.75737 | AW100: =IF(AS100>0,AG100,0) -> 0.93960409 | AX100: =IF(AS100>0,AH100,1) -> 0.072593992
...

Sheet Study_Characteristics
A1: Study_ID | B1: Author (Year) | C1: Year | D1: Title | E1: Publication source | F1: Type of publication | G1: Country | H1: Education level | I1: Academic discipline | J1: AI agent type (harmonized) | K1: AI agent / tool (as reported) | L1: Teacher involvement | M1: Research design | N1: Comparison condition | O1: Total N | P1: Intervention duration W(S) | Q1: Minutes (M) | R1: Duration category | S1: No. of ES rows | T1: No. of ES in primary analysis | U1: Cognitive ES (primary) | V1: Non-cognitive ES (primary) | W1: Data source | X1: Uploaded file
A2: S001 | B2: Abdelghani et al. (2022) | C2: 2022 | D2: Conversational agents for fostering curiosity-driven learning in children | E2: International Journal of Human-Computer Studies (arXiv:2204.03546) | F2: Journal article | G2: France | H2: Primary education | I2: Science / general knowledge (reading-based) | J2: Conversational AI / chatbot | K2: Conversational AI (pedagogical agent) - 'Kids Ask' incentive conversational agent (semantic cues) | L2: No | M2: Pseudo-randomized controlled experiment, 2 groups | N2: Neutral conversational agent (no cues) | O2: 51 | P2: 4 sessions in 1 week | Q2: 75 per session | R2: Less than 1 week | S2: =COUNTIF(ES_Data!$B$2:$B$347,A2) -> 8 | T2: =COUNTIFS(ES_Data!$B$2:$B$347,A2,ES_Data!$AP$2:$AP$347,"Y") -> 4 | U2: =COUNTIFS(ES_Data!$B$2:$B$347,A2,ES_Data!$AP$2:$AP$347,"Y",ES_Data!$P$2:$P$347,"Cognitive") -> 3 | V2: =COUNTIFS(ES_Data!$B$2:$B$347,A2,ES_Data!$AP$2:$AP$347,"Y",ES_Data!$P$2:$P$347,"Non-cognitive") -> 1 | W2: Extracted from uploaded paper (replaces rows in your workbook(s): WB2) | X2: Abdelghani_et_al._-_2022 (PDF); 2204.html = arXiv abstract (duplicate)
